"DEPARTAMENTO","MUNICIPIO","PUESTO","COMUNA","DIRECCIÓN","LATITUD","LONGITUD","ALCALDE","GOBERNACIÓN","CONCEJO","ASAMBLEA","JAL","CANTIDAD ELECCIONES"
"BOLIVAR","PINILLOS","LA RUFINA",,"I.E. CL P/PAL","8.6908772","-74.2798276","1","1","1","1","0","4"
"BOLIVAR","PINILLOS","LA UNION",,"I.E. CL 1ERA","8.9382162","-74.4920251","1","1","1","1","0","4"
"BOLIVAR","CARTAGENA","CENTRO COMERCIAL BOCAGRANDE","01LOC. 1 HISTORICA Y DEL CARIBE","CR 2 NO 8-146 BOCAGRANDE AV SAN MARTIN","10.40436390639","-75.5538636446","1","1","1","1","1","5"
"BOLIVAR","CARTAGENA","UNIV. TECNOLG. DE BOLIVAR - MA","01LOC. 1 HISTORICA Y DEL CARIBE","CLL DEL BOUQUET CR 21 NO. 25-92 MANGA","10.41315751289","-75.53821603716","1","1","1","1","1","5"
"BOLIVAR","CARTAGENA","LUDOTECA PARQUE CENTENARIO","01LOC. 1 HISTORICA Y DEL CARIBE","GETSEMANI, CLL 32 No 7-120, PQ CENTENARIO","10.42230252064","-75.54720640182","1","1","1","1","1","5"
"BOLIVAR","CARTAGENA","COL. EUCARÍSTICO DE SANTA TERESA","01LOC. 1 HISTORICA Y DEL CARIBE","Manga, Calle 27 No. 24-21","10.41402714405","-75.53638637066","1","1","1","1","1","5"
"BOLIVAR","CARTAGENA","CENTRO COMERCIAL PLAZA BOCAGRANDE","01LOC. 1 HISTORICA Y DEL CARIBE","CRA 1 No 12 - 118","10.411179","-75.5557927","1","1","1","1","1","5"
"BOLIVAR","CARTAGENA","COLEGIO DE LA ESPERANZA","01LOC. 1 HISTORICA Y DEL CARIBE","CLL 63 NO 02-04 CRESPO","10.44396202","-75.52389825","1","1","1","1","1","5"
"BOLIVAR","CARTAGENA","COLEGIO NAVAL DE CRESPO","01LOC. 1 HISTORICA Y DEL CARIBE","AV 9A CLL 72 BARRIO MILIT CRESPO","10.45030906","-75.51393662","1","1","1","1","1","5"
"BOLIVAR","CARTAGENA","COLEGIO EL CARMELO","01LOC. 1 HISTORICA Y DEL CARIBE","CLL 66 NO 4-73 CRESPO","10.44643645","-75.52074298","1","1","1","1","1","5"
"BOLIVAR","CARTAGENA","COLEGIO BERVELLY HILLS","01LOC. 1 HISTORICA Y DEL CARIBE","CRESPO CRA 2 No 77-71","10.44417040435","-75.52133381367","1","1","1","1","1","5"
"BOLIVAR","CARTAGENA","COLEGIO LICEO BOLIVAR","01LOC. 1 HISTORICA Y DEL CARIBE","CR 17 NO 71-25 DANIEL LEMAITRE","10.43785018","-75.51825166","1","1","1","1","1","5"
"BOLIVAR","CARTAGENA","IE STA MARIA SEDE SAGRADO CORAZON","01LOC. 1 HISTORICA Y DEL CARIBE","CR 16 No 67-50 DANIEL LEMAITRE","10.43774531","-75.51711217","1","1","1","1","1","5"
"BOLIVAR","CARTAGENA","I.E.CORAZON DE MARIA","01LOC. 1 HISTORICA Y DEL CARIBE","SAN FRANCISCO FRENTE AL CAI CRA 19 No 77-29","10.43492421","-75.51563544","1","1","1","1","1","5"
"BOLIVAR","CARTAGENA","IE CORAZON DE MARIA S S J CLAV","01LOC. 1 HISTORICA Y DEL CARIBE","SAN FRANCISCO CRA 19 No 77-30","10.43450926","-75.51577758","1","1","1","1","1","5"
"BOLIVAR","CARTAGENA","I.E. SANTA MARIA","01LOC. 1 HISTORICA Y DEL CARIBE","Lemaitre Cra 17 Nro 70 B -119","10.43821953781","-75.51728367805","1","1","1","1","1","5"
"BOLIVAR","CARTAGENA","COLISEO CUBIERTO BERNARDO CARABALLO","01LOC. 1 HISTORICA Y DEL CARIBE","CRA17 No 35-119","10.57788626961","-75.46549055544","1","1","1","1","1","5"
"BOLIVAR","CARTAGENA","COLEGIO JOSE DE LA VEGA","01LOC. 1 HISTORICA Y DEL CARIBE","CLL 54 NO 17 - 102 TORICES","10.43514909","-75.52815328","1","1","1","1","1","5"
"BOLIVAR","CARTAGENA","IE HER. ANTONIO RAMOS DE LA SALLE","01LOC. 1 HISTORICA Y DEL CARIBE","CLL NUEVA DEL ESPINAL NO 34-392 ESPINAL","10.42416344","-75.53582549","1","1","1","1","1","5"
"BOLIVAR","CARTAGENA","INST. ED. ANA MARIA VELEZ DE TRUJILLO","01LOC. 1 HISTORICA Y DEL CARIBE","TORICES, SECT SANTA RITA CRA 16 # 17-53","10.43508579103","-75.52808225155","1","1","1","1","1","5"
"BOLIVAR","CARTAGENA","C.ECON. PIEDRA DE BOL UNIV. C/GENA","01LOC. 1 HISTORICA Y DEL CARIBE","AV CONSULADO CLL 30 NO 48-152 PIEDRA DE BOLIVAR","10.40265293","-75.5058223","1","1","1","1","1","5"
"BOLIVAR","CARTAGENA","COLEGIO COMFENALCO SEDE CEDESARROLLO","01LOC. 1 HISTORICA Y DEL CARIBE","DG 30 No 50-187 ZARAGOCILLA SECT EL CAIRO","10.40512592","-75.50350932","1","1","1","1","1","5"
"BOLIVAR","CARTAGENA","INST. ED. MADRE LAURA","01LOC. 1 HISTORICA Y DEL CARIBE","PIEDRA BOLIVAR CLL 30 NRO. 50 - 136","10.40464882185","-75.50794422626","1","1","1","1","1","5"
"BOLIVAR","CARTAGENA","SENA 4 VIENTOS","01LOC. 1 HISTORICA Y DEL CARIBE","AV. PEDRO DE HEREDIA SECT TESCA","10.40631609974","-75.50332546234","1","1","1","1","1","5"
"BOLIVAR","CARTAGENA","I E CASD MANUELA BELTRAN","01LOC. 1 HISTORICA Y DEL CARIBE","AV PEDRO DE HEREDIA CLL 31 No 57-106","10.4007716","-75.4944828","1","1","1","1","1","5"
"BOLIVAR","CARTAGENA","IE NUEVO BOSQUE","01LOC. 1 HISTORICA Y DEL CARIBE","TR 53 NO 23A-104 MZ I URB BARLOVENTO","10.39128242","-75.50082803","1","1","1","1","1","5"
"BOLIVAR","CARTAGENA","COL ALBERTO ELIAS FERNANDEZ","01LOC. 1 HISTORICA Y DEL CARIBE","DG 21A 47-49 AV BUENOS AIRES BOSQUE","10.39785747","-75.52016701","1","1","1","1","1","5"
"BOLIVAR","CARTAGENA","I.E NUEVO BOSQUE SEDE JOSE MARIA CORDOBA","01LOC. 1 HISTORICA Y DEL CARIBE","NUEVO BOSQUE 1RA ETAPA TRANSV 47 A NRO 29E - 12","10.391","-75.5","1","1","1","1","1","5"
"BOLIVAR","CARTAGENA","INST. ED. FERNANDO DE LA VEGA","01LOC. 1 HISTORICA Y DEL CARIBE","BOSQUE DIAG. 21C NRO 53-40","10.38949913648","-75.52236512303","1","1","1","1","1","5"
"BOLIVAR","CARTAGENA","E. NORMAL SUPERIOR DE CARTAGENA D INDIAS","01LOC. 1 HISTORICA Y DEL CARIBE","NUEVO BOSQUE KRA 51 #23-35","10.3910359034","-75.50957232714","1","1","1","1","1","5"
"BOLIVAR","CARTAGENA","UNIVERSIDAD DEL SINU SEDE PLAZA COLON","01LOC. 1 HISTORICA Y DEL CARIBE","AV EL BOSQUE TRANSVERSAL 54  No 30 729","10.39002","-75.49653","1","1","1","1","1","5"
"BOLIVAR","CARTAGENA","IE SAN JUAN DE DAMASCO","01LOC. 1 HISTORICA Y DEL CARIBE","AMBERES 1ER CALLEJON CR 41 NO 26C 38","10.4053227","-75.51400304","1","1","1","1","1","5"
"BOLIVAR","CARTAGENA","IE OLGA GONZALEZ ARRAUT","01LOC. 1 HISTORICA Y DEL CARIBE","DG 22 NO 52-14 AV CRISANTO LUQUE","10.39135668","-75.5165454","1","1","1","1","1","5"
"BOLIVAR","CARTAGENA","IE MANUELA BELTRAN - SED HIJOS","01LOC. 1 HISTORICA Y DEL CARIBE","BARRIO CHILE MZ 75 LOTE 1","10.39273247","-75.51331764","1","1","1","1","1","5"
"BOLIVAR","CARTAGENA","SEMINARIO CARTAGENA","01LOC. 1 HISTORICA Y DEL CARIBE","ALCIBIA CLL 38 NRO 29 - 60","10.40830521392","-75.51633149385","1","1","1","1","1","5"
"BOLIVAR","CARTAGENA","UNIVERSIDAD ANTONIO NARIÑO","01LOC. 1 HISTORICA Y DEL CARIBE","AV CRISANTO LUQUE DIAG 22","10.395","-75.517","1","1","1","1","1","5"
"BOLIVAR","CARTAGENA","COLEGIO LATINOAMERICANO","01LOC. 1 HISTORICA Y DEL CARIBE","B. PARAGUAY TRANS 45 No 26A 116 AV DEL ACUEDUCTO","10.39971","-75.51454","1","1","1","1","1","5"
"BOLIVAR","CARTAGENA","UNIV DE CARTAGENA CLAUSTRO SAN AGUSTIN","01LOC. 1 HISTORICA Y DEL CARIBE","CR 6 36-100 CTRO CLL DE LA UNIVERSIDAD","10.42551017","-75.55005612","1","1","1","1","1","5"
"BOLIVAR","CARTAGENA","COL SALESIANOS SAN PEDRO CLAVE","01LOC. 1 HISTORICA Y DEL CARIBE","CLL40 NO 09-80 LAS BOVEDAS BARRIO SN DIEGO","10.42935552","-75.54638309","1","1","1","1","1","5"
"BOLIVAR","CARTAGENA","IE ANTONIA SANTOS","01LOC. 1 HISTORICA Y DEL CARIBE","CLL 31 NO18B131 PLAYON GRANDE PIE DE LA POPA","10.42127224","-75.53584695","1","1","1","1","1","5"
"BOLIVAR","CARTAGENA","UNIV. DE CARTAGENA CLAUSTRO LA MERCED","01LOC. 1 HISTORICA Y DEL CARIBE","KR 5 # 38-40 - CENTRO","10.42702917792","-75.55112531715","1","1","1","1","1","5"
"BOLIVAR","CARTAGENA","FUNDACION UNIVERSITARIA LOS LIBERTADORES","01LOC. 1 HISTORICA Y DEL CARIBE","PIE DE LA POPA, CALLE 31 No 19 -51","10.42132383758","-75.53442567587","1","1","1","1","1","5"
"BOLIVAR","CARTAGENA","INST UNIVERSITARIA MAYOR DE CARTAGENA","01LOC. 1 HISTORICA Y DEL CARIBE","CTRO.KR3 #34 -29 CL DE LA FACTORIA","10.4260973458","-75.55199008061","1","1","1","1","1","5"
"BOLIVAR","CARTAGENA","INST UNI BELLAS ARTES Y CIENCIAS DE BOL.","01LOC. 1 HISTORICA Y DEL CARIBE","KR 9 #39-12 SAN DIEGO","10.42811716717","-75.54726988476","1","1","1","1","1","5"
"BOLIVAR","CARTAGENA","ESCUELAS PROFESIONALES SALESIANAS","01LOC. 1 HISTORICA Y DEL CARIBE","Cra. 9 # 39-60 ? CALLE DE LAS BOVEDAS CENTRO","10.42843810385","-75.54724011985","1","1","1","1","1","5"
"BOLIVAR","CARTAGENA","IE FE Y ALEGRIA LAS GAVIOTAS","02LOC. 2  LA VIRGEN Y TURISTICA","TR 65 NO 31-111 LAS GAVIOTAS ENTRADA P.PAL","10.39886757","-75.49207396","1","1","1","1","1","5"
"BOLIVAR","CARTAGENA","IE LAS GAVIOTAS SEDE MOISES GO","02LOC. 2  LA VIRGEN Y TURISTICA","LAS GAVIOTAS MZ 33 LOTE 8 ETAPA 2ª","10.39935410026","-75.48822194338","1","1","1","1","1","5"
"BOLIVAR","CARTAGENA","I.E. LAS GAVIOTAS SEDE EL NIÑO JESUS","02LOC. 2  LA VIRGEN Y TURISTICA","MZNA 70 LOT 3 ETAPA 2 GAVIOTAS","10.401","-75.491","1","1","1","1","1","5"
"BOLIVAR","CARTAGENA","CENTRO DE ENSEÑANZA HIJOS DE BOLIVAR","02LOC. 2  LA VIRGEN Y TURISTICA","LOS ALPES URB 13 DE JUNIO DG 32 No 70-75","10.40104383059","-75.48162505031","1","1","1","1","1","5"
"BOLIVAR","CARTAGENA","IE FOCO ROJO","02LOC. 2  LA VIRGEN Y TURISTICA","CR 50 NO 32-47 AV PEDRO ROMERO OLAYA","10.40877479092","-75.50182342525","1","1","1","1","1","5"
"BOLIVAR","CARTAGENA","COLEGIO ALMIRANTE COLON S. OLAYA","02LOC. 2  LA VIRGEN Y TURISTICA","OLAYA SECTOR RICAURTE CARRERA 31D  #60 47","10.41566782","-75.52037189","1","1","1","1","1","5"
"BOLIVAR","CARTAGENA","I.E. PLAYAS DE ACAPULCO","02LOC. 2  LA VIRGEN Y TURISTICA","LIBANO AVE PEDRO ROMERO ESQUINA 48 C 60","10.40909317319","-75.50573826941","1","1","1","1","1","5"
"BOLIVAR","CARTAGENA","IE. NUESTRA SEÑORA PERPETUO SOCORRO","02LOC. 2  LA VIRGEN Y TURISTICA","Cl JUAN C ARANGO Kra 49 31 - 55","10.40747421948","-75.50499379635","1","1","1","1","1","5"
"BOLIVAR","CARTAGENA","IE FRANCISCO DE PAULA SANTANDE","02LOC. 2  LA VIRGEN Y TURISTICA","CR 36 NO 33A 52 LA MARIA","10.4230176","-75.51917871","1","1","1","1","1","5"
"BOLIVAR","CARTAGENA","IE MARIA REINA","02LOC. 2  LA VIRGEN Y TURISTICA","CR 29 NO 37-38 LA ESPERANZA","10.41566782","-75.52037189","1","1","1","1","1","5"
"BOLIVAR","CARTAGENA","ESCUELA CIUDAD DE TUNJA","02LOC. 2  LA VIRGEN Y TURISTICA","CLL 32C NO 37-32 CLL DEL MEDIO ALCIBIA","10.40905970219","-75.51326572895","1","1","1","1","1","5"
"BOLIVAR","CARTAGENA","I.E. CORAZON DE MARIA - LAZARO MARTINEZ","02LOC. 2  LA VIRGEN Y TURISTICA","LA MARIA SECTOR LOS CORALES CARRERA 34 CALLE 52","10.4346207","-75.5156699","1","1","1","1","1","5"
"BOLIVAR","CARTAGENA","I.E. ANTONIO NARIÑO","02LOC. 2  LA VIRGEN Y TURISTICA","LA ESPERANZA  CALLE ALFONSO LOPEZ No. 29-35","10.41574449401","-75.52053451538","1","1","1","1","1","5"
"BOLIVAR","CARTAGENA","I.E. PEDRO ROMERO","02LOC. 2  LA VIRGEN Y TURISTICA","ALCIBIA AV PEDRO ROMERO CL 31 # 34-39","10.41147616281","-75.51775842905","1","1","1","1","1","5"
"BOLIVAR","CARTAGENA","IE OMAIRA SANCHEZ","02LOC. 2  LA VIRGEN Y TURISTICA","BARRIO LA CANDELARIA CRA 40 No 44  01","10.41262","-75.51098","1","1","1","1","1","5"
"BOLIVAR","CARTAGENA","IE CAMILO TORRES","02LOC. 2  LA VIRGEN Y TURISTICA","CR 89 LOTE 13 MZ 49 POZON","10.40707967","-75.45332473","1","1","1","1","1","5"
"BOLIVAR","CARTAGENA","CENTRO COLOMBIATON GUSTAVO PULECIO","02LOC. 2  LA VIRGEN Y TURISTICA","MZ 1 LOTE 1 FLOR DEL CAMPO","10.41597697442","-75.44385617356","1","1","1","1","1","5"
"BOLIVAR","CARTAGENA","IE LA LIBERTAD","02LOC. 2  LA VIRGEN Y TURISTICA","EL POZON TRANV 60 M 89 L 7 CALLEJON 6","10.40784091254","-75.45596569777","1","1","1","1","1","5"
"BOLIVAR","CARTAGENA","IE NUESTRO ESFUERZO","02LOC. 2  LA VIRGEN Y TURISTICA","POZON SC SAGRADO CORAZON DE JESUS","10.4165095163","-75.4568374157","1","1","1","1","1","5"
"BOLIVAR","CARTAGENA","IE CLEMENTE MANUEL ZABALA","02LOC. 2  LA VIRGEN Y TURISTICA","FLOR DEL CAMPO CARRETERA DE LA CORDIALIDAD MZ 7","10.41751814624","-75.45026557661","1","1","1","1","1","5"
"BOLIVAR","CARTAGENA","IE JORGE GARCIA USTA","02LOC. 2  LA VIRGEN Y TURISTICA","BICENTENARIO,MZA 77 SECTOR No 77 - 01","10.42597189526","-75.44641435146","1","1","1","1","1","5"
"BOLIVAR","CARTAGENA","ESCUELA GABRIELA SAN MARTIN","02LOC. 2  LA VIRGEN Y TURISTICA","CLL 33 NO 77-48 OLAYA","10.40326591963","-75.47559681931","1","1","1","1","1","5"
"BOLIVAR","CARTAGENA","COL FE Y ALEGRIA LAS AMERICAS","02LOC. 2  LA VIRGEN Y TURISTICA","CR 84 NO 32B-152 SECT NVO PARAISO OLAYA","10.40256153","-75.47052806","1","1","1","1","1","5"
"BOLIVAR","CARTAGENA","CENTRO CULTURAL LAS PALMERAS","02LOC. 2  LA VIRGEN Y TURISTICA","LAS PALMERAS D 77 No 55B-68","10.40219889674","-75.47518342967","1","1","1","1","1","5"
"BOLIVAR","CARTAGENA","IE DE FREDONIA","02LOC. 2  LA VIRGEN Y TURISTICA","FREDONIA CLL 46 CRA 79-05","10.41071640428","-75.47651946545","1","1","1","1","1","5"
"BOLIVAR","CARTAGENA","IE FULGENCIO LEQUERICA VELEZ","02LOC. 2  LA VIRGEN Y TURISTICA","CHIQUINQUIRA MZ 56 LOTE 1","10.40411849","-75.49279739","1","1","1","1","1","5"
"BOLIVAR","CARTAGENA","NUESTRA SEÑORA DEL CARMEN","02LOC. 2  LA VIRGEN Y TURISTICA","CHIQUINQUIRA AV PEDRO DE HEREDIA CLL 31C No 56-191","10.40148108","-75.49373005","1","1","1","1","1","5"
"BOLIVAR","CARTAGENA","IE FULGENCIO LEQUERICA VELEZ-  ECUADOR","02LOC. 2  LA VIRGEN Y TURISTICA","OLAYA HERRERA SECTOR CENTRAL CLL 31 D NRO 60B-56","10.4059889763","-75.4887342453","1","1","1","1","1","5"
"BOLIVAR","CARTAGENA","FUND. UNIV. COLOMBO INTERNACIONAL","02LOC. 2  LA VIRGEN Y TURISTICA","AV PEDRO DE HEREDIA SEC. 4 VIENTOS KRA 50 No 31-50","10.40701783112","-75.50159275532","1","1","1","1","1","5"
"BOLIVAR","CARTAGENA","COLEGIO INEM","03LOC.3 INDUSTRIAL DE LA BAHIA","AV DEL BOSQUE TRANSV. 54 No 30-570","10.38862836","-75.49811423","1","1","1","1","1","5"
"BOLIVAR","CARTAGENA","CENT RECREACIONAL NAPOLEON PEREA","03LOC.3 INDUSTRIAL DE LA BAHIA","TR 54 NO 44-25 CARRET BOSQUE","10.38958432413","-75.49453373218","1","1","1","1","1","5"
"BOLIVAR","CARTAGENA","IE JOSE M RODRIGUEZ S ISABEL LA CATOLICA","03LOC.3 INDUSTRIAL DE LA BAHIA","ALMIRANTE COLON MZ O LOTE 18 ETAPA 2","10.38616307309","-75.49692571163","1","1","1","1","1","5"
"BOLIVAR","CARTAGENA","IE JOSE MANUEL R-JARDIN INF  CARACOLES","03LOC.3 INDUSTRIAL DE LA BAHIA","LOS CARACOLES TRANSV. 55 No. 22C -110 II ETAPA","10.38934282114","-75.49288496375","1","1","1","1","1","5"
"BOLIVAR","CARTAGENA","IE 20 DE JULIO","03LOC.3 INDUSTRIAL DE LA BAHIA","CR 58A NO 8-86 BARRIO 20 DE JULIO","10.37456242378","-75.49999952316","1","1","1","1","1","5"
"BOLIVAR","CARTAGENA","IE BERTHA GEDEON DE BALADI","03LOC.3 INDUSTRIAL DE LA BAHIA","CLL 12 CR 58 ESQ ET 7 CAMPESTRE","10.37796061169","-75.49808979034","1","1","1","1","1","5"
"BOLIVAR","CARTAGENA","COLEGIO ALMIRANTE COLON  VISTA HERMOSA","03LOC.3 INDUSTRIAL DE LA BAHIA","VISTA HERMOSA CARRERA 60 D N. 20 58","10.38580690764","-75.49579381943","1","1","1","1","1","5"
"BOLIVAR","CARTAGENA","IE SALIM BECHARA SEDE ALBORNOZ","03LOC.3 INDUSTRIAL DE LA BAHIA","BARRIO ALBORNOZ CRA 50 CALLE 2   40","10.36925","-75.50748","1","1","1","1","1","5"
"BOLIVAR","CARTAGENA","IE LUIS CARLOS LOPEZ","03LOC.3 INDUSTRIAL DE LA BAHIA","MZ I LOTE 11 ET 2 SECT COMER-BLAS DE LEZO","10.38855596677","-75.4838848114","1","1","1","1","1","5"
"BOLIVAR","CARTAGENA","IE TERNERA","03LOC.3 INDUSTRIAL DE LA BAHIA","CLL DEL PARAISO NO32D-47 TERNERA","10.38527397783","-75.4651683569","1","1","1","1","1","5"
"BOLIVAR","CARTAGENA","IE SOLEDAD ACOSTA DE SAMPER","03LOC.3 INDUSTRIAL DE LA BAHIA","BLAS DE LEZO SEGUNDA ETAPA SECTOR COMERCIAL","10.385","-75.477","1","1","1","1","1","5"
"BOLIVAR","CARTAGENA","UNIVERSIDAD SAN BUENAVENTURA","03LOC.3 INDUSTRIAL DE LA BAHIA","CALLE REAL DE TERNERA DIAG. 32 No 30-966","10.38761675159","-75.46547412872","1","1","1","1","1","5"
"BOLIVAR","CARTAGENA","COLEGIO BIFFI","03LOC.3 INDUSTRIAL DE LA BAHIA","BARRIO LA PROVIDENCIA CRA 71 No 31A  248","10.39255","-75.47769","1","1","1","1","1","5"
"BOLIVAR","CARTAGENA","COL FE Y ALEGRIA EL PROGRESO","03LOC.3 INDUSTRIAL DE LA BAHIA","CLL5 NO 68-25 SN.PEDRO MARTIR SECT PROGRESO","10.37565986","-75.48781858","1","1","1","1","1","5"
"BOLIVAR","CARTAGENA","IE SAN FRANCISCO ASIS - HIJO DE LOS AGRI","03LOC.3 INDUSTRIAL DE LA BAHIA","ARROZ BARATO VIA MAMONAL CARRET CR 3NO 8-71","10.35617984789","-75.49146106726","1","1","1","1","1","5"
"BOLIVAR","CARTAGENA","CORPORACION MINUTO DE DIOS","03LOC.3 INDUSTRIAL DE LA BAHIA","SAN PEDRO MARTIR CRA 68 No 8-26","10.37082384679","-75.48887908459","1","1","1","1","1","5"
"BOLIVAR","CARTAGENA","IE POLICARPA SALAVARRIETA","03LOC.3 INDUSTRIAL DE LA BAHIA","CALLE 70 SECTOR CENTRAL","10.34638334941","-75.49177504779","1","1","1","1","1","5"
"BOLIVAR","CARTAGENA","IE MERCEDES ABREGO","03LOC.3 INDUSTRIAL DE LA BAHIA","CR 82 SECT KALAMARY SAN FERNANDO","10.37964239","-75.47068536","1","1","1","1","1","5"
"BOLIVAR","CARTAGENA","COL SUEÑOS Y OPORTUNIDADES JES","03LOC.3 INDUSTRIAL DE LA BAHIA","NELSON MANDELA MZ J LOTE 11","10.36393034","-75.47662459","1","1","1","1","1","5"
"BOLIVAR","CARTAGENA","IE MERCEDES ABREGO SEDE MEDELLIN","03LOC.3 INDUSTRIAL DE LA BAHIA","SAN FERNANDO SECTOR MEDELLIN CALLE LAS NIEVES","10.37822297","-75.47941327","1","1","1","1","1","5"
"BOLIVAR","CARTAGENA","I.E. CIUDADELA 2000","03LOC.3 INDUSTRIAL DE LA BAHIA","Ciudadela 2000 Carrera 83 No. 9-100","10.37521673612","-75.47343492508","1","1","1","1","1","5"
"BOLIVAR","CARTAGENA","I.E. SALVADOR MANDELA","03LOC.3 INDUSTRIAL DE LA BAHIA","NELSON MANDELA CALLE LAS BRISAS SECTOR LOS OLIVOS","10.36354444285","-75.47839164734","1","1","1","1","1","5"
"BOLIVAR","CARTAGENA","I.E. ROSEDAL","03LOC.3 INDUSTRIAL DE LA BAHIA","EL EDUCADOR SECTOR ROSENDAL CALLE 5 N. 78 401","10.37268654493","-75.48185437918","1","1","1","1","1","5"
"BOLIVAR","CARTAGENA","IE JHON F KENNEDY","03LOC.3 INDUSTRIAL DE LA BAHIA","ET 3RA MZ 3 LOTE 1 BARRIO BLAS DE LEZO","10.38597047997","-75.48468947411","1","1","1","1","1","5"
"BOLIVAR","CARTAGENA","INST FEMENINO PROMOCION SOCIAL","03LOC.3 INDUSTRIAL DE LA BAHIA","CLL 25 NO 71-24 SOCORRO","10.38652451466","-75.48185706139","1","1","1","1","1","5"
"BOLIVAR","CARTAGENA","I.E. NUESTRA SEÑORA DE LA CONSOLATA","03LOC.3 INDUSTRIAL DE LA BAHIA","BLA D ELEZO AV. KENEDY No. 26-28","10.38768006956","-75.48585891724","1","1","1","1","1","5"
"BOLIVAR","CARTAGENA","I.E. JUAN JOSE NIETO","03LOC.3 INDUSTRIAL DE LA BAHIA","El Socorro Cll 25 71-24 Entrada Ppal","10.38624485918","-75.48163175583","1","1","1","1","1","5"
"BOLIVAR","CARTAGENA","COLEGIO COMFAMILIAR","03LOC.3 INDUSTRIAL DE LA BAHIA","CR103NO 35-151 MZ 9 LOTE 26 SN.JOSE CAMPANOS","10.38261459175","-75.4582965374","1","1","1","1","1","5"
"BOLIVAR","CARTAGENA","ESC ANA MARIA PEREZ OTERO","03LOC.3 INDUSTRIAL DE LA BAHIA","CLL 23B 77-15 PLAN 332 MZ 34 SOCORRO","10.37988131026","-75.48219233751","1","1","1","1","1","5"
"BOLIVAR","CARTAGENA","IE PROM SOCIAL DE C/GENA SD LA CONSOLATA","03LOC.3 INDUSTRIAL DE LA BAHIA","LA CONSOLATA SECTOR SANTA ISABEL MZA O LOTE 2","10.37811099648","-75.47940552235","1","1","1","1","1","5"
"BOLIVAR","CARTAGENA","IE AMBIENTALISTA CARTAGENA DE INDIAS","03LOC.3 INDUSTRIAL DE LA BAHIA","SAN JOSE DE LOS CAMPANOS CRA 103 CALLE 38","10.38383347985","-75.45740604401","1","1","1","1","1","5"
"BOLIVAR","CARTAGENA","IE SEDE EMILIANO ALCALA ROMERO","03LOC.3 INDUSTRIAL DE LA BAHIA","EL SOCORRO PLAN 500 A MZA 36","10.38544810351","-75.47808855772","1","1","1","1","1","5"
"BOLIVAR","CARTAGENA","I E REPUBLICA DE ARGENTINA","03LOC.3 INDUSTRIAL DE LA BAHIA","TRANSV 18 LOTE 1","10.3954396","-75.4851165","1","1","1","1","1","5"
"BOLIVAR","CARTAGENA","CARCEL DISTRITAL DE TERNERA",,"DG 31 No 85-180 TERNERA","10.38068716","-75.46756864","1","1","1","1","0","4"
"BOLIVAR","CARTAGENA","SANTA CRUZ DEL ISLOTE","01LOC. 1 HISTORICA Y DEL CARIBE","CE SANTA CRUZ DEL ISLOTE","9.7860528","-75.8603947","1","1","1","1","1","5"
"BOLIVAR","CARTAGENA","BARU","01LOC. 1 HISTORICA Y DEL CARIBE","I.E. LUIS FELIPE CABRERA DE BARU","10.14175742639","-75.68280279636","1","1","1","1","1","5"
"BOLIVAR","CARTAGENA","BOCACHICA","01LOC. 1 HISTORICA Y DEL CARIBE","I.E.DOMINGO BENKOS","10.32724779986","-75.57889938354","1","1","1","1","1","5"
"BOLIVAR","CARTAGENA","CAÑO DE LORO","01LOC. 1 HISTORICA Y DEL CARIBE","I.E.SAN JOSE CAÑO","10.34227780002","-75.54436326027","1","1","1","1","1","5"
"BOLIVAR","CARTAGENA","ISLA FUERTE","01LOC. 1 HISTORICA Y DEL CARIBE","I.E.ISLA FUERTE","9.384579887","-76.1792679","1","1","1","1","1","5"
"BOLIVAR","CARTAGENA","ISLAS DEL ROSARIO","01LOC. 1 HISTORICA Y DEL CARIBE","I.E.ISLAS DEL ROSARIO","10.17727804786","-75.77197551727","1","1","1","1","1","5"
"BOLIVAR","CARTAGENA","SANTA ANA","01LOC. 1 HISTORICA Y DEL CARIBE","SANTA ANA","10.2387155","-75.5550099","1","1","1","1","1","5"
"BOLIVAR","CARTAGENA","TIERRABOMBA","01LOC. 1 HISTORICA Y DEL CARIBE","I.E.TIERRABOMBA","10.3483776","-75.5703323","1","1","1","1","1","5"
"BOLIVAR","CARTAGENA","ARROYO GRANDE","02LOC. 2  LA VIRGEN Y TURISTICA","IE  NUEVA  ESPERANZA","10.65628502289","-75.34698486328","1","1","1","1","1","5"
"BOLIVAR","CARTAGENA","ARROYO DE PIEDRA","02LOC. 2  LA VIRGEN Y TURISTICA","IE  ARROYO DE PIEDRA","10.61128072802","-75.4462480545","1","1","1","1","1","5"
"BOLIVAR","CARTAGENA","BAYUNCA","02LOC. 2  LA VIRGEN Y TURISTICA","I.E.BAYUNCA CARRET","10.53165061","-75.39710928","1","1","1","1","1","5"
"BOLIVAR","CARTAGENA","LA BOQUILLA","02LOC. 2  LA VIRGEN Y TURISTICA","IE  TECNICA LA BOQUILLA","10.47968551","-75.49304426","1","1","1","1","1","5"
"BOLIVAR","CARTAGENA","PONTEZUELA","02LOC. 2  LA VIRGEN Y TURISTICA","I.E. PONTEZUELA CL 1","10.54588139","-75.44171401","1","1","1","1","1","5"
"BOLIVAR","CARTAGENA","PUNTA CANOA","02LOC. 2  LA VIRGEN Y TURISTICA","CORPORACION PAULO FREYLE","10.55772835","-75.50354179","1","1","1","1","1","5"
"BOLIVAR","CARTAGENA","PASACABALLOS","03LOC.3 INDUSTRIAL DE LA BAHIA","IE  JOSE MARIA CORDOBA","10.2872191","-75.51572503","1","1","1","1","1","5"
"BOLIVAR","CARTAGENA","PASACABALLOS - MEMBRILLAL","03LOC.3 INDUSTRIAL DE LA BAHIA","IE SAN FRANCISCO DE ASIS SD MEMBRILLAL CLL PPAL","10.33459401336","-75.46693325043","1","1","1","1","1","5"
"BOLIVAR","CARTAGENA","LA BOQUILLA  2","02LOC. 2  LA VIRGEN Y TURISTICA","IE SAN FELIPE CRA 3 No 71-26 PLAZA LA MOJARRA","10.444536","-75.516859","1","1","1","1","1","5"
"BOLIVAR","CARTAGENA","LA BOQUILLA 3","02LOC. 2  LA VIRGEN Y TURISTICA","TERMINAL DE TRANSPORTE ZONA NORTE KM 8","10.49236","-75.47768","1","1","1","1","1","5"
"BOLIVAR","CARTAGENA","BAYUNCA 2 (SEDE LAS LATAS)","02LOC. 2  LA VIRGEN Y TURISTICA","CARRETERA LA CORDIALIDAD BAYUNCA","10.5375571","-75.4303391","1","1","1","1","1","5"
"BOLIVAR","ACHI","PUESTO CABECERA MUNICIPAL",,"IETA RICARDO CASTELLAR BARRIOS","8.56744179092","-74.5580291748","1","1","1","1","0","4"
"BOLIVAR","ACHI","BOYACA",,"INSTITUCION EDUCATIVA DE BOYACA","8.44826709833","-74.52470541","1","1","1","1","0","4"
"BOLIVAR","ACHI","BUENAVISTA",,"INSTITUCION EDUCATIVA DE BUENAVISTA","8.57260196906","-74.53110109792","1","1","1","1","0","4"
"BOLIVAR","ACHI","BUENOS AIRES",,"CENTRO EDUCATIVO DE BUENOS AIRES","8.50543416636","-74.547895659","1","1","1","1","0","4"
"BOLIVAR","ACHI","CENTRO ALEGRE",,"CENTRO EDUCATIVO CENTRO ALEGRE","8.49851797461","-74.49637156176","1","1","1","1","0","4"
"BOLIVAR","ACHI","EL ALGARROBO",,"CENTRO EDUCATIVA DE EL ALGARROBO","8.47033482103","-74.50378417969","1","1","1","1","0","4"
"BOLIVAR","ACHI","EL GALLEGO",,"INSTITUCION EDUCATIVA DEL GALLEGO","8.6680486","-74.5715539","1","1","1","1","0","4"
"BOLIVAR","ACHI","GUACAMAYO",,"INSTITUCION EDUCATIVA DE GUACAMAYO","8.72815195297","-74.51040923595","1","1","1","1","0","4"
"BOLIVAR","ACHI","GUAMO",,"CENTRO EDUCATIVO DEL GUAMO","8.68843012198","-74.58941422844","1","1","1","1","0","4"
"BOLIVAR","ACHI","LOS NISPEROS",,"INSTITUCION EDUCATIVA DE LOS NISPEROS","8.64536765595","-74.58951679423","1","1","1","1","0","4"
"BOLIVAR","ACHI","NUEVA ESPERANZA",,"CENTRO EDUCATIVO NUEVA ESPERANZA","8.69559013428","-74.52404022217","1","1","1","1","0","4"
"BOLIVAR","ACHI","PALENQUILLO",,"CENTRO EDUCATIVO DE PALENQUILLO","8.5868815687","-74.4155729038","1","1","1","1","0","4"
"BOLIVAR","ACHI","PAYANDE",,"CENTRO EDUCATIVO DE PAYANDE","8.48353574523","-74.45660399248","1","1","1","1","0","4"
"BOLIVAR","ACHI","PLAYA ALTA",,"INSTITUCION EDUCATIVA DE PLAYA ALTA","8.78464755303","-74.50319848567","1","1","1","1","0","4"
"BOLIVAR","ACHI","PUERTO VENECIA",,"INSTITUCION EDUCATIVA DE PUERTO VENECIA","8.46605856998","-74.52984988689","1","1","1","1","0","4"
"BOLIVAR","ACHI","PUERTO ISABEL",,"CENTRO EDUCATIVO DE PUERTO ISABEL","8.63316553668","-74.51831589986","1","1","1","1","0","4"
"BOLIVAR","ACHI","PROVIDENCIA",,"CENTRO EDUCATIVO DE PROVIDENCIA","8.59807642005","-74.55573981507","1","1","1","1","0","4"
"BOLIVAR","ACHI","RIONEGRO",,"INSTITUCION EDUCATIVA DE RIO NEGRO","8.47937582502","-74.43537784167","1","1","1","1","0","4"
"BOLIVAR","ACHI","SANTA LUCIA",,"INSTITUCION EDUCATIVA DE SANTA LUCIA","8.53620727517","-74.46876525879","1","1","1","1","0","4"
"BOLIVAR","ACHI","TACUYALTA",,"CENTRO EDUCATIVO DE TACUYALTA","8.56886014987","-74.47023099167","1","1","1","1","0","4"
"BOLIVAR","ACHI","TRES CRUCES",,"INSTITUCION EDUCATIVA DE TRES CRUCES","8.70505861564","-74.51521039009","1","1","1","1","0","4"
"BOLIVAR","ARENAL","PUESTO CABECERA MUNICIPAL",,"IE EFIGENIO MENDOZA SIERRA","8.45703268899","-73.94078314304","1","1","1","1","0","4"
"BOLIVAR","ARENAL","BUENAVISTA",,"I.E. EMA TRONCOSO RAVELO-AV. S","8.46976211456","-73.88378620148","1","1","1","1","0","4"
"BOLIVAR","ARENAL","CARNIZALA",,"I.E.EMA T/COSO RAVELO-CARNIZAL","8.45516698897","-73.90255665803","1","1","1","1","0","4"
"BOLIVAR","ARENAL","SAN RAFAEL",,"IE EMA T COSO RAVELO S RAFAEL","8.4384889861","-73.91257737567","1","1","1","1","0","4"
"BOLIVAR","ARENAL","SANTO DOMINGO",,"SANTO DOMINGO","8.33557848467","-74.14722933553","1","1","1","1","0","4"
"BOLIVAR","ARENAL","SAN AGUSTIN",,"SAN AGUSTIN","8.28966911892","-74.20882701874","1","1","1","1","0","4"
"BOLIVAR","ARENAL","SABANA BAJA",,"ESCUELA LA SABANA","8.40822619128","-74.03990338782","1","1","1","1","0","4"
"BOLIVAR","ALTOS DEL ROSARIO","PUESTO CABECERA MUNICIPAL",,"IE ALEJANDRO DURAN DIAZ CLL 17A No 4-554","8.7922628","-74.1676161","1","1","1","1","0","4"
"BOLIVAR","ALTOS DEL ROSARIO","EL RUBIO",,"CORREGIMIENTO DE EL RUBIO I. E. EL RUBIO","8.8061395","-74.2202695","1","1","1","1","0","4"
"BOLIVAR","ALTOS DEL ROSARIO","LA PACHA",,"I.E. SAGRADO CORAZON DE JESUS","8.745537","-74.1691163","1","1","1","1","0","4"
"BOLIVAR","ALTOS DEL ROSARIO","SAN ISIDRO",,"I.E. SAN ISIDRO","8.7762708","-74.2759429","1","1","1","1","0","4"
"BOLIVAR","ALTOS DEL ROSARIO","SANTA LUCIA",,"I.E. SANTA LUCIA","8.7916885","-74.1669684","1","1","1","1","0","4"
"BOLIVAR","ARJONA","ESC. REPUBLICA DE COLOMBIA","01COMUNA 1","BARRIO LAS DELICIAS CALLE 33","10.25921330233","-75.33691853285","1","1","1","1","1","5"
"BOLIVAR","ARJONA","COL BENJAMIN HERRERA","02COMUNA 2","BARRIO SAN JOSE DE TURBAQUITO","10.25831065154","-75.35226345062","1","1","1","1","1","5"
"BOLIVAR","ARJONA","CENTRO DE ALTO RENDIMIENTO","02COMUNA 2","BARRIO LAS MARIAS VIA ROCHA","10.25695073199","-75.35413630307","1","1","1","1","1","5"
"BOLIVAR","ARJONA","INST EDUC MARIA MICHELSEN DE LOPEZ","01COMUNA 1","BARRIO 5 DE NOVIEMBRE - SECTOR LA LINEA","10.26089454856","-75.34746095538","1","1","1","1","1","5"
"BOLIVAR","ARJONA","INST.EDUC.CATALINA HERRERA","03COMUNA 3","CL REAL","10.25452582457","-75.34409880638","1","1","1","1","0","4"
"BOLIVAR","ARJONA","ESC MIX ANGELA DORADO","03COMUNA 3","CALLE CENTRAL COLOMBIA","10.25308208856","-75.34252166748","1","1","1","1","0","4"
"BOLIVAR","ARJONA","ESC FRANCISCO DE PAULA SANTANDER","04COMUNA 4","BARRIO EL MERCADO CALLE PORTOBELO","10.25193923619","-75.34105181694","1","1","1","1","1","5"
"BOLIVAR","ARJONA","IE DOMINGO TARRA GUARDO SD MANUELA BELTR","04COMUNA 4","CALLE DEL COCO CRA 41 42 93","10.24664870148","-75.34328538604","1","1","1","1","1","5"
"BOLIVAR","ARJONA","COLEGIO INDUSTRIAL DON BOSCO",,"BARRIO LAS MARIAS VIA A ROCHA","10.25655680952","-75.35484105349","1","1","1","1","0","4"
"BOLIVAR","ARJONA","PUERTO BADEL (CAÑO SALADO)","05CORR. PUERTO BADEL CAÑO SALADO","COL DE BACHILLERATO DE PUERTO BADEL","10.11916094431","-75.47742605209","1","1","1","1","1","5"
"BOLIVAR","ARJONA","GAMBOTE","06CORREGIMIENTO DE GAMBOTE","CONC EDUC DE GAMBOTE","10.16436287493","-75.29828667641","1","1","1","1","1","5"
"BOLIVAR","ARJONA","ROCHA","07CORREGIMIENTO DE ROCHA","COL DE BACHILLERATO DE ROCHA","10.1121029","-75.4098271","1","1","1","1","1","5"
"BOLIVAR","ARJONA","SINCERIN","08CORREGIMIENTO DE SINCERIN","COL DE BACHILLERATO DE SINCERIN","10.14165709498","-75.27459740639","1","1","1","1","1","5"
"BOLIVAR","ARROYO HONDO","PUESTO CABECERA MUNICIPAL",,"I.E. ROBERTO BOTERO MORALES","10.253712","-75.01905933862","1","1","1","1","0","4"
"BOLIVAR","ARROYO HONDO","MACHADO",,"ESC. NVA. DE MACHADO","10.24073193","-74.9670274","1","1","1","1","0","4"
"BOLIVAR","ARROYO HONDO","MONROY",,"ESC. NVA. DE MONROY","10.178454","-75.08698933862","1","1","1","1","0","4"
"BOLIVAR","ARROYO HONDO","PILON",,"ESC. NVA. DE PILON","10.31125756","-75.00558968","1","1","1","1","0","4"
"BOLIVAR","ARROYO HONDO","SATO",,"ESC. NVA. DE SATO","10.268161","-74.973115","1","1","1","1","0","4"
"BOLIVAR","ARROYO HONDO","SAN FRANCISCO",,"ESC. NVA. DE SAN FRANCISCO","10.168321","-75.10879","1","1","1","1","0","4"
"BOLIVAR","BARRANCO DE LOBA","PUESTO CABECERA MUNICIPAL",,"INSTITUCION ED JULIO RAMON FACCIO LINCE","8.94780900091","-74.1061080957","1","1","1","1","0","4"
"BOLIVAR","BARRANCO DE LOBA","LOS CERRITOS",,"I.E. LUIS GUILLERMO VIDES ESCO","8.86274432351","-74.27963757413","1","1","1","1","0","4"
"BOLIVAR","BARRANCO DE LOBA","RIONUEVO",,"IE JORGE ELIECER GAITAN SEDE PRIMARIA","8.81018134372","-74.26965619731","1","1","1","1","0","4"
"BOLIVAR","BARRANCO DE LOBA","SAN ANTONIO",,"IE SEGUNDO AMARIS MATUTE SEDE PRIMARIA","8.87052712127","-74.12063054977","1","1","1","1","0","4"
"BOLIVAR","BARRANCO DE LOBA","LAS MINAS DE SANTA CRUZ",,"SEDE COOBAL CTA - CALLE PRINCIPAL","8.7091667","-74.19583333","1","1","1","1","0","4"
"BOLIVAR","BARRANCO DE LOBA","LAS DELICIAS",,"SEDE HOGARES INTEGRALES INFANT","8.69379423824","-74.21047502722","1","1","1","1","0","4"
"BOLIVAR","BARRANCO DE LOBA","PUEBLITO MEJIA",,"INSTITUCION EDUCATIVA PUEBLITO MEJIA","8.68979838185","-74.0978936759","1","1","1","1","0","4"
"BOLIVAR","CALAMAR","PUESTO CABECERA MUNICIPAL",,"KR 4 #2 CASA DE LA CULTURA","10.2515475521","-74.91340030451","1","1","1","1","0","4"
"BOLIVAR","CALAMAR","BARRANCA NUEVA",,"KM 8 E. PRINC. ERM SEDE BACHILLERATO","10.2006904","-74.9361097","1","1","1","1","0","4"
"BOLIVAR","CALAMAR","BARRANCA VIEJA",,"IETA DEL YUCAL S. BCA VIEJA MEGACOLEGIO","10.15013","-74.9511257","1","1","1","1","0","4"
"BOLIVAR","CALAMAR","HATO VIEJO",,"KM 15 E. P. IETA. JOSÉ ANTONIO GALÁN","10.3017204","-75.0390623","1","1","1","1","0","4"
"BOLIVAR","CALAMAR","SAN PEDRITO",,"KM 1 VIA CALAMAR SUAN C. DEL PUENTE","10.2639547","-74.9137978","1","1","1","1","0","4"
"BOLIVAR","CALAMAR","YUCAL",,"KM 15 E. P. IETA DEL YUCAL BACHILLERATO","10.1303888","-74.9521261","1","1","1","1","0","4"
"BOLIVAR","CANTAGALLO","PUESTO CABECERA MUNICIPAL",,"I.E. JOSE MARIA CUELLAR DIAZ","7.3755147","-73.9149753","1","1","1","1","0","4"
"BOLIVAR","CANTAGALLO","BRISAS DE BOLIVAR",,"I.E. JOSE MARIA CUELLAR DIAZ","7.3618128","-73.9300761","1","1","1","1","0","4"
"BOLIVAR","CANTAGALLO","LAVICTORIA",,"C.E. LA VICTORIA (SEDE P/PAL),","7.3811864","-73.9158143","1","1","1","1","0","4"
"BOLIVAR","CANTAGALLO","SAN LORENZO",,"C.E. LA VICTORIA (SEDE EL CAGÜ","7.3734037","-73.918099","1","1","1","1","0","4"
"BOLIVAR","CICUCO","PUESTO CABECERA MUNICIPAL",,"AV 20 DE JULIO No 19-01 BARRIO MARISOL","9.27548964992","-74.64402904941","1","1","1","1","0","4"
"BOLIVAR","CICUCO","CAMPO SERENO",,"I.E.S.F/CISCO DE LOBA-CAMPO SE","9.26477386975","-74.65936592056","1","1","1","1","0","4"
"BOLIVAR","CICUCO","LA PEÑA",,"CENTRO DESARROLLO INFANTIL CDI CL PPAL B.CENTRO","9.25426954659","-74.66297080947","1","1","1","1","0","4"
"BOLIVAR","CICUCO","PUEBLO NUEVO",,"I.E.S.F/CISCO DE LOBA-PUEBLO N","9.21346420359","-74.75768904922","1","1","1","1","0","4"
"BOLIVAR","CICUCO","SAN FRANCISCO DE LOBA",,"ESTADERO SOL TROPICAL CLL LA ALBARRADA B. ARRIBA","9.28340979883","-74.66606071426","1","1","1","1","0","4"
"BOLIVAR","CICUCO","SAN JAVIER",,"I.E.C.TEC.NRA SRA.DE M/CLARO-S","9.25901347334","-74.65041228866","1","1","1","1","0","4"
"BOLIVAR","CORDOBA","PUESTO CABECERA MUNICIPAL",,"CLL 8 CR 6 NO.7-36 AV.AMARANTO VILLAMIL","9.5861691","-74.8281367","1","1","1","1","0","4"
"BOLIVAR","CORDOBA","GUAIMARAL",,"I.E.TEC.AGROINDUST. DE GUAIMAR","9.49655624563","-74.97336387634","1","1","1","1","0","4"
"BOLIVAR","CORDOBA","SAN ANDRES",,"SAN ANDRES CLL PRINCIPAL","9.5239117","-74.8792656","1","1","1","1","0","4"
"BOLIVAR","CORDOBA","SINCELEJITO",,"C.E. DE SINCELEJITO","9.4452079","-74.981613","1","1","1","1","0","4"
"BOLIVAR","CORDOBA","TACAMOCHO",,"BARRIO ABAJO CORREG. TACAMOCHO","9.4769643","-74.8001699","1","1","1","1","0","4"
"BOLIVAR","CORDOBA","MARTIN ALONZO",,"I.E.LUIS VILLAFAÑE PAREJA MART","9.5868026","-74.8315184","1","1","1","1","0","4"
"BOLIVAR","CORDOBA","PUEBLO NUEVO",,"CLL PRINCIPAL CORREG. PUEBLO NUEVO","9.43676","-74.903529","1","1","1","1","0","4"
"BOLIVAR","CORDOBA","SANTA LUCIA",,"I.E. DE TACAMOCHO SEDE SANTA","9.46497869172","-74.84375953674","1","1","1","1","0","4"
"BOLIVAR","CORDOBA","TACAMOCHITO",,"CLL PRINCIPAL CORREG TACAMOCHITO","9.4514722","-74.8204243","1","1","1","1","0","4"
"BOLIVAR","CORDOBA","VEREDA LA SIERRA",,"IE OSWALDO OCHOA SEDE LA SIERRA","9.550478","-74.8840342","1","1","1","1","0","4"
"BOLIVAR","CLEMENCIA","PUESTO CABECERA MUNICIPAL",,"Ins Edu Tec Agropecuaria San Jose de Clemencia","10.5655429","-75.3293228","1","1","1","1","0","4"
"BOLIVAR","CLEMENCIA","EL PEÑIQUE",,"I.E. Ntra Sra Del Carmen De las Caras El Peñique","10.56826","-75.3342592","1","1","1","1","0","4"
"BOLIVAR","CLEMENCIA","LAS CARAS",,"I.E. Ntra Sra Del Carmen De las Caras Las Caras","10.5515225","-75.2436469","1","1","1","1","0","4"
"BOLIVAR","EL CARMEN DE BOLIVAR","IE AGROEMP  JULIO CESAR TURBAY",,"CLL. 23 CON CR. 51 ESQUINA","9.71487778226","-75.12098592356","1","1","1","1","0","4"
"BOLIVAR","EL CARMEN DE BOLIVAR","IE ESPIRITU SANTO",,"CR. 39 No: 27-10, BARRIO LOS MANGOS","9.7215180163","-75.12868523598","1","1","1","1","0","4"
"BOLIVAR","EL CARMEN DE BOLIVAR","IE GABRIEL GARCIA TABOADA",,"MZ. 23 LOTE 3-58, BARRIO MINUTO DE DIOS","9.72343272123","-75.12622557146","1","1","1","1","0","4"
"BOLIVAR","EL CARMEN DE BOLIVAR","IE TEC AGROEMP GABRIELA MISTRAL",,"KRA. 49 No. 21 -31","9.71363201793","-75.12246149367","1","1","1","1","0","4"
"BOLIVAR","EL CARMEN DE BOLIVAR","IE TEC AGRO GIOVANNI CRISTINI SEDE JFK",,"CALLE 27A CON CRA. 36","9.7226010858","-75.13175924468","1","1","1","1","0","4"
"BOLIVAR","EL CARMEN DE BOLIVAR","IE MARIA INMACULADA",,"CL 26 CRA. 46 ESQUINA","9.71777610295","-75.12339725251","1","1","1","1","0","4"
"BOLIVAR","EL CARMEN DE BOLIVAR","IE MANUEL EDMUNDO MENDOZA",,"CLL 21 KRA 53","9.71269113809","-75.12020292781","1","1","1","1","0","4"
"BOLIVAR","EL CARMEN DE BOLIVAR","IE TEC IND JUAN FEDERICO HOLLMAN",,"CLL 33 KRA 53","9.71974161072","-75.11740568115","1","1","1","1","0","4"
"BOLIVAR","EL CARMEN DE BOLIVAR","BAJO GRANDE",,"ESC RURAL DE BAJO GRANDE","9.68636996284","-75.22357395126","1","1","1","1","0","4"
"BOLIVAR","EL CARMEN DE BOLIVAR","CARACOLI",,"ESC. RURAL CGTO DE CARACOLI","9.73913148607","-75.22725105286","1","1","1","1","0","4"
"BOLIVAR","EL CARMEN DE BOLIVAR","CENTRO ALEGRE",,"ESC. RURAL CGTO DE CTRO. ALEGR","9.68547362086","-75.35539627075","1","1","1","1","0","4"
"BOLIVAR","EL CARMEN DE BOLIVAR","EL HOBO",,"ESC. RURAL CGTO EL HOBO","9.67172201381","-75.23675680161","1","1","1","1","0","4"
"BOLIVAR","EL CARMEN DE BOLIVAR","EL SALADO",,"ESC. RURAL CGTO EL SALADO","9.58314674061","-75.03587007523","1","1","1","1","0","4"
"BOLIVAR","EL CARMEN DE BOLIVAR","GUAMANGA",,"ESC. RURAL CGTO GUAMANGA","9.66342891864","-75.25640230053","1","1","1","1","0","4"
"BOLIVAR","EL CARMEN DE BOLIVAR","HATO NUEVO",,"ESC. RURAL CGTO DE HATO NVO.","9.73281897886","-75.0738636038","1","1","1","1","0","4"
"BOLIVAR","EL CARMEN DE BOLIVAR","JESUS DEL MONTE",,"ESC. RURAL CGTO DE JESUS DEL M","9.74668551553","-74.97600274907","1","1","1","1","0","4"
"BOLIVAR","EL CARMEN DE BOLIVAR","CANZONA",,"ESC. RURAL CGTO LA CANZONA","9.72023324159","-75.27868132991","1","1","1","1","0","4"
"BOLIVAR","EL CARMEN DE BOLIVAR","LA SIERRA",,"ESC. RURAL CGTO LA SIERRA","9.73501008912","-75.30074731398","1","1","1","1","0","4"
"BOLIVAR","EL CARMEN DE BOLIVAR","MACAYEPO",,"ESC. RURAL CGTO DE MACAYEPO","9.68023940062","-75.34205558577","1","1","1","1","0","4"
"BOLIVAR","EL CARMEN DE BOLIVAR","LAZARO",,"ESC. RURAL CGTO DE LAZARO","9.71883839778","-75.31468333292","1","1","1","1","0","4"
"BOLIVAR","EL CARMEN DE BOLIVAR","ARENAS",,"ESC. RURAL CGTO DE ARENAS","9.56132282941","-75.09901665384","1","1","1","1","0","4"
"BOLIVAR","EL CARMEN DE BOLIVAR","RAIZAL SANTA LUCIA",,"ESC. RURAL CGTO DE RAIZAL SANT","9.705003361","-75.21739301","1","1","1","1","0","4"
"BOLIVAR","EL CARMEN DE BOLIVAR","SAN CARLOS",,"ESC. RURAL CGTO DE SAN CARLOS","9.710667215","-75.23700184","1","1","1","1","0","4"
"BOLIVAR","EL CARMEN DE BOLIVAR","SAN ISIDRO",,"ESC. RURAL CGTO DE SAN ISIDRO","9.76786311275","-75.21828001912","1","1","1","1","0","4"
"BOLIVAR","EL CARMEN DE BOLIVAR","SANTO DOMINGO DE MEZA",,"ESC.RURAL CGTO DE STO DOMINGO","9.798799156","-75.3152687","1","1","1","1","0","4"
"BOLIVAR","EL CARMEN DE BOLIVAR","VERDUM",,"ESC. RURAL CGTO DE VERDUM","9.644862403","-75.14288849","1","1","1","1","0","4"
"BOLIVAR","EL GUAMO","PUESTO CABECERA MUNICIPAL",,"ESC. SANTA LUCIA CL SANTANDER","10.02955151034","-74.97539162636","1","1","1","1","0","4"
"BOLIVAR","EL GUAMO","LA ENEA",,"I.E.DE LA ENEA","10.0682444","-74.9425652","1","1","1","1","0","4"
"BOLIVAR","EL GUAMO","LATA",,"I.E. DE LATA","10.047897","-75.0277187","1","1","1","1","0","4"
"BOLIVAR","EL GUAMO","NERVITI",,"I.E. DE NERVITI","9.9963815","-74.7999426","1","1","1","1","0","4"
"BOLIVAR","EL GUAMO","ROBLES",,"I.E. DE ROBLES","10.081582","-74.852687","1","1","1","1","0","4"
"BOLIVAR","EL GUAMO","TASAJERA",,"I.E. DE TASAJERA","10.0333703","-74.8348215","1","1","1","1","0","4"
"BOLIVAR","HATILLO DE LOBA","PUESTO CABECERA MUNICIPAL",,"I.E. HATILLO","8.95691160386","-74.07592372248","1","1","1","1","0","4"
"BOLIVAR","HATILLO DE LOBA","CERRO DE LAS AGUADAS",,"I.E. HATILLO SEDE EL CERRO","8.9678662","-74.0686579","1","1","1","1","0","4"
"BOLIVAR","HATILLO DE LOBA","EL POZON",,"I.E. EL VIOLO SEDE EL POZON","8.9998418","-74.4012595","1","1","1","1","0","4"
"BOLIVAR","HATILLO DE LOBA","JUANA SANCHEZ",,"I.E. JUANA SANCHEZ SEDE PRIMAR","8.9676793","-74.0434312","1","1","1","1","0","4"
"BOLIVAR","HATILLO DE LOBA","LA RIBONA",,"I.E. LA RIBONA SEDE PRIMARIA.","9.0123459","-74.0613483","1","1","1","1","0","4"
"BOLIVAR","HATILLO DE LOBA","LA VICTORIA",,"KZ CTRL FTE ESTADERO EL OASIS","8.9485279","-74.2209372","1","1","1","1","0","4"
"BOLIVAR","HATILLO DE LOBA","LAS BRISAS",,"I.E. EL VIOLO SEDE LAS BRISAS","8.9527895","-74.2003078","1","1","1","1","0","4"
"BOLIVAR","HATILLO DE LOBA","PUEBLO NUEVO",,"I.E. EL VIOLO SEDE PUEBLO NVO.","8.97386039709","-74.36409485134","1","1","1","1","0","4"
"BOLIVAR","HATILLO DE LOBA","SAN MIGUEL",,"I.E. SAN MIGUEL SEDE UNICA","8.9561823","-74.0779757","1","1","1","1","0","4"
"BOLIVAR","EL PEÑON","PUESTO CABECERA MUNICIPAL",,"BARRIO LAS DELICIAS VIA A PEÑONSITO","8.9887782","-73.9480034","1","1","1","1","0","4"
"BOLIVAR","EL PEÑON","BUENOS AIRES",,"I.E.BUENOS AIRES. SEDE BARRILLERATO","8.74955558077","-73.93010878613","1","1","1","1","0","4"
"BOLIVAR","EL PEÑON","CASTAÑAL",,"I.E. DE CASTAÑAL. BARRIO EL CARMEN","8.9891477","-73.9519686","1","1","1","1","0","4"
"BOLIVAR","EL PEÑON","CHAPETONA",,"I.E. DE LA CHAPETONA. CALLE PRINCIPAL","8.896659","-73.96556","1","1","1","1","0","4"
"BOLIVAR","EL PEÑON","LA HUMAREDA",,"C.E. DE LA HUMAREDA. BARRIO ARRIBA","8.9033422","-73.8892515","1","1","1","1","0","4"
"BOLIVAR","EL PEÑON","EL JAPON",,"ESC. RURAL DE JAPON. CALLE PRINCIPAL","8.9891477","-73.9519686","1","1","1","1","0","4"
"BOLIVAR","EL PEÑON","PEÑONCITO",,"I.E. DE PEÑONSITO. VIA AL CAMPO","8.9764649","-73.9294529","1","1","1","1","0","4"
"BOLIVAR","MAGANGUE","COLEGIO COMUNAL VERSALLES SD SUR","01COMUNA 1","COLEGIO COMUNAL VERSALLES SEDE BARRIO SUR","9.236314","-74.743555","1","1","1","1","1","5"
"BOLIVAR","MAGANGUE","COLEGIO DPTAL YATI","01COMUNA 1","NUEVO MEGA COLEGIO DEPTAL DE YATI - VIA PTO SALUD","9.2709501","-74.7346221","1","1","1","1","1","5"
"BOLIVAR","MAGANGUE","I.E.COMUNAL VERSALLES SEDE PAL","02COMUNA 2","CALLE 6 PAEZ No. 10 A 20","9.2291399542","-74.74543632978","1","1","1","1","1","5"
"BOLIVAR","MAGANGUE","I.E.COM. VERSALLES S.ILUSION","02COMUNA 2","BARRIO ALFONSO LOPEZ CRA 6A No. 10D-71","9.2283116597","-74.74475608047","1","1","1","1","1","5"
"BOLIVAR","MAGANGUE","I.E. LICEO MODERNO DE LA CANDELARIA","01COMUNA 1","LA CANDELARIA AV. CANDELARIA","9.23822142759","-74.74320888519","1","1","1","1","1","5"
"BOLIVAR","MAGANGUE","INST.EDUC.SAN JOSE N.1","03COMUNA 3","AV. SAN JOSE BR. SAN JOSE","9.2459049215","-74.75649417696","1","1","1","1","1","5"
"BOLIVAR","MAGANGUE","COLISEO CUBIERTO DE ALTO R.","04COMUNA 4","AV. DIEGO DE CARVAJAL B.STA RITA CL 16 CRA 25-27","9.25203621794","-74.76669179732","1","1","1","1","1","5"
"BOLIVAR","MAGANGUE","LICEO JOAQUIN FDO. VELEZ","05COMUNA 5","VIA CAMILO CT. P/PAL","9.2635218","-74.7917023","1","1","1","1","1","5"
"BOLIVAR","MAGANGUE","ESC. OFICIAL CAMILO TORRES","05COMUNA 5","BR. CAMILO TORRES-SC LA CANCHA","9.2691559","-74.8014356","1","1","1","1","1","5"
"BOLIVAR","MAGANGUE","I.E. SAN JOSE No. 2","03COMUNA 3","LA ESMERALDA","9.24572942821","-74.7557669878","1","1","1","1","1","5"
"BOLIVAR","MAGANGUE","IE LICEO MODERNO",,"CLL 17 No 9-31 BARRIO OLAYA","9.24398966291","-74.7567284588","1","1","1","1","0","4"
"BOLIVAR","MAGANGUE","CARCEL",,"CALLE 13 N66-36","9.2694817","-74.8020185","1","1","1","1","0","4"
"BOLIVAR","MAGANGUE","BARBOSA","06CORREGIMIENTO BARBOSA","ESC.OFICIAL BARBOSA","9.02462695493","-74.63879585266","1","1","1","1","0","4"
"BOLIVAR","MAGANGUE","BARRANCA DE YUCA","07CORREGIMIENTO BARRANCA DE YUCA","CORREGIMIENTO BARRANCA YUCA","9.25393615681","-74.74548339844","1","1","1","1","0","4"
"BOLIVAR","MAGANGUE","BETANIA","08CORREGIMIENTO BETANIA","ESC.OFICIAL BETANIA","9.3805911","-74.8224078","1","1","1","1","0","4"
"BOLIVAR","MAGANGUE","BOCAS DE SAN ANTONIO","09CORREGIMIENTO BOCAS DE SAN ANT","ESC.OFICIAL BOCAS DE S.ANTONIO","9.25393615681","-74.73999023438","1","1","1","1","0","4"
"BOLIVAR","MAGANGUE","CASCAJAL","10 CORREGIMIENTO CASCAJAL","ESC.OFICIAL CASCAJAL","9.3144534","-74.8131492","1","1","1","1","0","4"
"BOLIVAR","MAGANGUE","CEIBAL","11 CORREGIMIENTO  CEIBAL","ESC.OFICIAL CEIBAL","9.3554702","-74.8133157","1","1","1","1","0","4"
"BOLIVAR","MAGANGUE","COYONGAL","12 CORREGIMIENTO  COYONGAL","ESC.OFICIAL COYONGAL","9.25393615681","-74.73999023438","1","1","1","1","0","4"
"BOLIVAR","MAGANGUE","EL CUATRO","13 CORREGIMIENTO  EL CUATRO","ESC.OFICIAL EL CUATRO","9.25393615681","-74.73999023438","1","1","1","1","0","4"
"BOLIVAR","MAGANGUE","GUAZO","14 CORREGIMIENTO  GUAZO","ESC.OFICIAL GUAZO","9.2430926451","-74.7509765625","1","1","1","1","0","4"
"BOLIVAR","MAGANGUE","HENEQUEN","15 CORREGIMIENTO HENEQUEN","ESC.OFICIAL HENEQUEN","9.2430926451","-74.7509765625","1","1","1","1","0","4"
"BOLIVAR","MAGANGUE","EMAUS","16 CORREGIMIENTO EMAUS","ESC.OFICIAL EMAUS","9.283478085","-74.90985574","1","1","1","1","0","4"
"BOLIVAR","MAGANGUE","ISLA GRANDE","17 CORREGIMIENTO ISLA GRANDE","ISLA GRANDE","9.30044015073","-74.69981731425","1","1","1","1","0","4"
"BOLIVAR","MAGANGUE","JUAN ARIAS","18 CORREGIMIENTO JUAN ARIAS","ESC.OFICIAL JUAN ARIAS","9.325717152","-74.92301751","1","1","1","1","0","4"
"BOLIVAR","MAGANGUE","LA PASCUALA","19 CORREGIMIENTO LA PASCUALA","ESC.OFICIAL LA PASCUALA","9.395450954","-74.8101506","1","1","1","1","0","4"
"BOLIVAR","MAGANGUE","LAS BRISAS","20 CORREGIMIENTO LAS BRISAS","ESC.OFICIAL LAS BRISAS","8.89702481","-74.47799973","1","1","1","1","0","4"
"BOLIVAR","MAGANGUE","MADRID","21 CORREGIMIENTO MADRID","ESC.OFICIAL MADRID","9.1938690749","-74.74711418152","1","1","1","1","0","4"
"BOLIVAR","MAGANGUE","PANSEGUITA","22 CORREGIMIENTO PANSEGUITA","ESC.OFICIAL PANSEGUITA","9.09078244684","-74.70261096954","1","1","1","1","0","4"
"BOLIVAR","MAGANGUE","PALMARITO","23 CORREGIMIENTO PALMARITO","ESC.OFICIAL PALMARITO","9.05556601644","-74.67081069946","1","1","1","1","0","4"
"BOLIVAR","MAGANGUE","PIÑALITO","24 CORREGIMIENTO PIÑALITO","ESC.OFICIAL PIÑALITO","9.13328334419","-74.79599475861","1","1","1","1","0","4"
"BOLIVAR","MAGANGUE","PLAYA DE LAS FLORES","25 CORREGIMIENTO PLAYA DE LAS FL","ESC.OFICIAL PLAYA DE LAS FLORE","8.88066199886","-74.46760654449","1","1","1","1","0","4"
"BOLIVAR","MAGANGUE","PUERTO KENNEDY","26 CORREGIMIENTO PUERTO KENNEDY","ESC.OFICIAL PUERTO KENEDI","9.34245072284","-74.71132278442","1","1","1","1","0","4"
"BOLIVAR","MAGANGUE","PUNTA DE CARTAGENA","27 CORREGIMIENTO PUNTA DE CARTAG","ESC.OFICIAL PUNTA DE CARTAGENA","8.87838364557","-74.48648188639","1","1","1","1","0","4"
"BOLIVAR","MAGANGUE","EL RETIRO","28 CORREGIMIENTO EL RETIRO","ESC.OFICIAL EL RETIRO","9.16961697191","-74.73636266636","1","1","1","1","0","4"
"BOLIVAR","MAGANGUE","PUERTO NARIÑO","29CORREGIMIENTO PUERTO NARIÑO","ESC.OFICIAL PUERTO NARIÑO","9.19484344617","-74.73475456236","1","1","1","1","0","4"
"BOLIVAR","MAGANGUE","ROMA","30CORREGIMIENTO ROMA","ESC.OFICIAL ROMA","8.93293854527","-74.49477195737","1","1","1","1","0","4"
"BOLIVAR","MAGANGUE","SAN ANTOÑITO","31CORREGIMIENTO SAN ANTOÑITO","CORREGIMIENTO SAN ANTOÑITO","9.1376881","-74.8339211","1","1","1","1","0","4"
"BOLIVAR","MAGANGUE","SAN JOSE DE LAS MARTAS","32CORRE. SAN JOSE DE LAS MARTAS","ESC.OFICIAL S. JOSE DE LASMART","8.9831828","-74.5346227","1","1","1","1","0","4"
"BOLIVAR","MAGANGUE","SAN RAFAEL DE CORTINA","33CORRE. SAN RAFAEL DE CORTINA","ESC.OFICIAL S. RAFAEL DECORTIN","9.30476065479","-74.77505207062","1","1","1","1","0","4"
"BOLIVAR","MAGANGUE","SAN SEBASTIAN DE BUENAVISTA","34CORRE. SAN SEBASTIAN DE BUENAV","ESC.OFICIAL S.SEB. DE BUENAVIS","9.0000297","-74.5910798","1","1","1","1","0","4"
"BOLIVAR","MAGANGUE","SANTA COITA","35CORREGIMIENTO SANTA COITA","ESC.OFICIAL SANTA COITA","8.9480869","-74.5238086","1","1","1","1","0","4"
"BOLIVAR","MAGANGUE","SANTA FE","36CORREGIMIENTO SANTA FE","ESC.OFICIAL SANTA FE","9.24851444273","-74.7509765625","1","1","1","1","0","4"
"BOLIVAR","MAGANGUE","SANTA LUCIA","37CORREGIMIENTO SANTA LUCIA","ESC.OFICIAL SANTA LUCIA","9.25393615681","-74.73999023438","1","1","1","1","0","4"
"BOLIVAR","MAGANGUE","SANTA MONICA","38CORREGIMIENTO SANTA MONICA","ESC.OFICIAL SANTA MONICA","9.25393615681","-74.73999023438","1","1","1","1","0","4"
"BOLIVAR","MAGANGUE","SANTA PABLA","39CORREGIMIENTO SANTA PABLA","ESC.OFICIAL SANTA PABLA","9.25393615681","-74.74548339844","1","1","1","1","0","4"
"BOLIVAR","MAGANGUE","SITIONUEVO","40CORREGIMIENTO SITIONUEVO","ESC.OFICIAL SITIO NVO.","9.25393615681","-74.73999023438","1","1","1","1","0","4"
"BOLIVAR","MAGANGUE","TACALOA","41CORREGIMIENTO TACALOA","ESC.OFICIAL TACALOA","9.26477933417","-74.73999023438","1","1","1","1","0","4"
"BOLIVAR","MAGANGUE","TACASALUMA","42CORREGIMIENTO TACASALUMA","ESC.OFICIAL TACASALUMA","9.24851444273","-74.74548339844","1","1","1","1","0","4"
"BOLIVAR","MAGANGUE","TRES PUNTAS","43CORREGIMIENTO SABANETA","ESC.OFICIAL TRES PUNTAS","9.2430926451","-74.7509765625","1","1","1","1","0","4"
"BOLIVAR","MAGANGUE","TOLU","44CORREGIMIENTO TOLU","ESC.OFICIAL TOLU","9.2465112","-74.7720105","1","1","1","1","0","4"
"BOLIVAR","MAGANGUE","LA VENTURA","45CORREGIMIENTO LA  VENTURA","CORREGIMIENTO LA VENTURA","9.25393615681","-74.74548339844","1","1","1","1","0","4"
"BOLIVAR","MAGANGUE","SABANETA","46CORREGIMIENTO SABANETA","ESC.OFICIAL DE ZABANETA","9.3841876","-74.9248659","1","1","1","1","0","4"
"BOLIVAR","MAHATES","IE CAMILO TORRES SD NUESTRA SEÑORA DEL C",,"PLAZA PRINCIPAL","10.2329752","-75.1856773","1","1","1","1","0","4"
"BOLIVAR","MAHATES","IE CAMILO TORRES SD SAGRADO CORAZON DE J",,"PLAZA PRINCIPAL DIAGONAL AL PALACIO MUNICIPAL","10.2363177","-75.1890082","1","1","1","1","0","4"
"BOLIVAR","MAHATES","EVITAR",,"BARRIO LA LOMA EVITAR","10.2722232","-75.1612163","1","1","1","1","0","4"
"BOLIVAR","MAHATES","GAMERO",,"CALLE PRINCIPAL DIAGONAL A LA IGLESIA CATOLICA","10.2057684","-75.2128755","1","1","1","1","0","4"
"BOLIVAR","MAHATES","MALAGANA",,"BARRIO EL CAMPO MALAGANA","10.1391895","-75.2291804","1","1","1","1","0","4"
"BOLIVAR","MAHATES","MANDINGA",,"EL PUEBLITO DE MANDINGA","10.1417686","-75.1387484","1","1","1","1","0","4"
"BOLIVAR","MAHATES","SAN BASILIO DEL PALENQUE",,"DIAGONAL AL CEMENTERIO DE SAN BASILIO","10.1038038","-75.2004634","1","1","1","1","0","4"
"BOLIVAR","MAHATES","SAN JOAQUIN",,"PLAZA PRINCIPAL DE SAN JOAQUIN","10.1659469","-75.1171196","1","1","1","1","0","4"
"BOLIVAR","MARGARITA","PUESTO CABECERA MUNICIPAL",,"I.E. DE MARGARITA-CL UNICA","9.05907298194","-74.22019958496","1","1","1","1","0","4"
"BOLIVAR","MARGARITA","BOTON DE LEIVA",,"I.E.DE MARGARITA-BOTON DE LEIVA","9.15768834977","-74.2504119873","1","1","1","1","0","4"
"BOLIVAR","MARGARITA","CAUSADO",,"I.E. DE MARGARITA-SEDE CAUSAO","9.13463922172","-74.31838989258","1","1","1","1","0","4"
"BOLIVAR","MARGARITA","CANTERA",,"I.E DE CHILLOA-SEDE CANTERA","9.06616097387","-74.16801452637","1","1","1","1","0","4"
"BOLIVAR","MARGARITA","CAÑO MONO",,"I.E DE MAMONCITO-SEDE CAÑO MON","9.03793531536","-74.23067092896","1","1","1","1","0","4"
"BOLIVAR","MARGARITA","COROCITO",,"I.E DE MAMONCITO-SEDE COROCITO","9.06438104286","-74.27109718323","1","1","1","1","0","4"
"BOLIVAR","MARGARITA","CHILLOA",,"I.E DE CHILLOA-CL P/PAL","9.11722427753","-74.21680927277","1","1","1","1","0","4"
"BOLIVAR","MARGARITA","DOÑA JUANA",,"I.E DE CHILLOA-SEDE DOÑA JUANA","9.09175710029","-74.19264793396","1","1","1","1","0","4"
"BOLIVAR","MARGARITA","GUATACA SUR",,"I.E DE GUATACA SUR-CL P/PAL","9.02030375127","-74.21582221985","1","1","1","1","0","4"
"BOLIVAR","MARGARITA","LA MONTAÑA",,"I.E DE LA MONTAÑA-GUATACA SUR","9.02852627065","-74.18964385986","1","1","1","1","0","4"
"BOLIVAR","MARGARITA","ANTIGUA SEDE CENTRO DE SALUD",,"CALLE PRINCIPAL","9.05056508804","-74.26826477051","1","1","1","1","0","4"
"BOLIVAR","MARGARITA","SAN JOSE",,"I.E DE CHILLOA-SEDE SAN JOSE","9.12345307786","-74.23633575439","1","1","1","1","0","4"
"BOLIVAR","MARGARITA","SANDOVAL",,"I.E DE CHILLOA-SEDE SANDOVAL","9.1319274615","-74.25178527832","1","1","1","1","0","4"
"BOLIVAR","MARIA LA BAJA","I.E.T.A . D. D.R SEDE LAS DELI",,"CALLE 07 # 10-01","9.9780234","-75.2966618","1","1","1","1","0","4"
"BOLIVAR","MARIA LA BAJA","I.E. RAFAEL URIBE URIBE SEDE 4",,"KRA 18 CALLE 1 H - 70 BARRIO EL RECREO","9.9842343","-75.3050908","1","1","1","1","0","4"
"BOLIVAR","MARIA LA BAJA","CENTRO DE INTEGRACION CIUDADANA CIC",,"URB. VIRGEN DEL CARMEN BARRIO CALLE PRINCIPAL","9.97863957187","-75.29941571029","1","1","1","1","0","4"
"BOLIVAR","MARIA LA BAJA","I.E. RAFAEL URIBE URIBE SEDE 1",,"KRA 19 # 21-39","9.9842343","-75.3050908","1","1","1","1","0","4"
"BOLIVAR","MARIA LA BAJA","I.E TEC ACUICOLA SAN FRANCSICO",,"KRA 14 # 26-02","9.9896923","-75.3060104","1","1","1","1","0","4"
"BOLIVAR","MARIA LA BAJA","IETAE SAN FRANCISCO ASIS SD PTO SANT.",,"PUERTO SANTANDER CRA 14","9.9897762","-75.3067415","1","1","1","1","0","4"
"BOLIVAR","MARIA LA BAJA","INSTITUCIÓN EDUCATIVA SAN LUIS BELTRAN",,"CALLE 20 BARRIO CHUMBUN","9.97762603643","-75.29923337896","1","1","1","1","0","4"
"BOLIVAR","MARIA LA BAJA","CORREA",,"C.E. DE CORREA","10.043213","-75.4049164","1","1","1","1","0","4"
"BOLIVAR","MARIA LA BAJA","ARROYO GRANDE",,"ARROYO GRANDE","9.894521502","-75.35657318","1","1","1","1","0","4"
"BOLIVAR","MARIA LA BAJA","COLÚ",,"I.E.TEC. AGROPE.#2 SEDE COLU","9.92472720074","-75.34537228138","1","1","1","1","0","4"
"BOLIVAR","MARIA LA BAJA","EL NISPERO",,"IETA de Flamenco Sede Níspero Arriba","9.93807303041","-75.42051246597","1","1","1","1","0","4"
"BOLIVAR","MARIA LA BAJA","FLAMENCO",,"I.E.TEC AGROINDUST. DE FLAMENC","9.986541188","-75.39628089","1","1","1","1","0","4"
"BOLIVAR","MARIA LA BAJA","LOS BELLOS",,"C.E. RURAL MIXTO LOS BELLOS","9.93232952402","-75.38329124451","1","1","1","1","0","4"
"BOLIVAR","MARIA LA BAJA","MAMPUJAN",,"ESCUELA RURAL MIXTA DE MAMPUJ","9.993197027","-75.23513349","1","1","1","1","0","4"
"BOLIVAR","MARIA LA BAJA","MATUYA",,"C.E. RURAL MIXTO DE MATUYA","9.94238681488","-75.30127676187","1","1","1","1","0","4"
"BOLIVAR","MARIA LA BAJA","NUEVA FLORIDA",,"I.E. AGR. NVA FLORIDA SEDE #1","9.94695913082","-75.34591853549","1","1","1","1","0","4"
"BOLIVAR","MARIA LA BAJA","ÑANGUMA",,"C.E. ESC. RURAL MIXTA DE ÑANGUMA","10.00744957","-75.45524521","1","1","1","1","0","4"
"BOLIVAR","MARIA LA BAJA","RETIRO NUEVO",,"C.E. RURAL MIXTO DE RETIRO NVO","9.918909146","-75.37064942","1","1","1","1","0","4"
"BOLIVAR","MARIA LA BAJA","SAN JOSE DEL PLAYON",,"I.E.TEC. AGR. SAN JOSÉ DE PLAYON","9.879955067","-75.32940141","1","1","1","1","0","4"
"BOLIVAR","MARIA LA BAJA","SAN PABLO",,"I.E.TEC.AGROINDUST. DE SAN PAB","10.05202395","-75.26759964","1","1","1","1","0","4"
"BOLIVAR","MARIA LA BAJA","PUEBLO NUEVO",,"IE RETIRO NVO S PUEB NVO CTRA TRONC VIA SN ONOFRE","9.88020444286","-75.3896534243","1","1","1","1","0","4"
"BOLIVAR","MARIA LA BAJA","SAN PABLO 2 PRIMERO DE JULIO",,"IETA SAN PABLO SEDE PRIMERO DE JULIO","10.0431358","-75.2632636","1","1","1","1","0","4"
"BOLIVAR","MARIA LA BAJA","EL SENA",,"IE RAFAEL URIBE URIBE SEDE SENA","9.9666807","-75.2920548","1","1","1","1","0","4"
"BOLIVAR","MONTECRISTO","PUESTO CABECERA MUNICIPAL",,"I.E. M/TECRISTO BR FLORDELESTE","8.29948947987","-74.48215484619","1","1","1","1","0","4"
"BOLIVAR","MONTECRISTO","ALTO CARIBONA",,"ALTO CARIBONA","8.2999619","-74.477756","1","1","1","1","0","4"
"BOLIVAR","MONTECRISTO","BETANIA",,"C.E. BETANIA","8.368099327","-74.48589973","1","1","1","1","0","4"
"BOLIVAR","MONTECRISTO","CAMPO ALEGRE",,"SALON COMUNAL- CAMPO ALEGRE","8.139327517","-74.31537308","1","1","1","1","0","4"
"BOLIVAR","MONTECRISTO","EL PARAISO",,"C.E. EL PARAISO","8.297331","-74.471571","1","1","1","1","0","4"
"BOLIVAR","MONTECRISTO","EL DORADO",,"C.E. EL DORADO","8.345810475","-74.47815634","1","1","1","1","0","4"
"BOLIVAR","MONTECRISTO","PLATANAL",,"C.E. PLATANAL","8.37965688115","-74.16541814804","1","1","1","1","0","4"
"BOLIVAR","MONTECRISTO","PUEBLO LINDO",,"C.E. PUEBLO LINDO","8.2550813","-74.4988276","1","1","1","1","0","4"
"BOLIVAR","MONTECRISTO","PUERTO ESPAÑA",,"C.E. PUERTO ESPAÑA","8.39799795272","-74.15393829346","1","1","1","1","0","4"
"BOLIVAR","MONTECRISTO","REGENERACION",,"C.E. REGENERACION","8.26653456468","-74.44953918457","1","1","1","1","0","4"
"BOLIVAR","MONTECRISTO","SAN AGUSTIN",,"C.E. SAN AGUSTIN","8.15521586034","-74.63237799461","1","1","1","1","0","4"
"BOLIVAR","MONTECRISTO","SAN MATEO",,"C.E. SAN MATEO","8.34338489","-74.46803907","1","1","1","1","0","4"
"BOLIVAR","MONTECRISTO","TABURETERA",,"C.E. TABURETERA","8.404683335","-74.47216429","1","1","1","1","0","4"
"BOLIVAR","MONTECRISTO","VILLA ESPERANZA",,"SALON COMUNAL VILLA ESPERANZA","8.326486056","-74.45934955","1","1","1","1","0","4"
"BOLIVAR","MONTECRISTO","VILLA URIBE",,"C.E. VILLA URIBE","8.064444","-74.588132","1","1","1","1","0","4"
"BOLIVAR","MOMPOS","IE TEC COL NAL PINILLOS SD M AUXILIADORA",,"CARRERA 4 No 22-75","9.2457284","-74.42994082","1","1","1","1","0","4"
"BOLIVAR","MOMPOS","IE TEC AGRO T. NAJERA SD A HEREDIA",,"CARRERA 2 No 26-75","9.2369321","-74.42331451","1","1","1","1","0","4"
"BOLIVAR","MOMPOS","IE TEC COL NAL PINILLOS",,"CALLE 18 No 2B-44","9.240755022","-74.42488285","1","1","1","1","0","4"
"BOLIVAR","MOMPOS","COL STA CRUZ DE MOMPOS",,"CARRERA 3 No 10-191","9.235277001","-74.42171555","1","1","1","1","0","4"
"BOLIVAR","MOMPOS","CALDERA",,"I.E. DE CANDELARIA- CALDERA","9.067453053","-74.49734312","1","1","1","1","0","4"
"BOLIVAR","MOMPOS","ANCON",,"I.E. DE LA RINCONADA- ANCON","9.226402666","-74.52788811","1","1","1","1","0","4"
"BOLIVAR","MOMPOS","CANDELARIA",,"I.E. DE CANDELARIA","9.071309526","-74.52144008","1","1","1","1","0","4"
"BOLIVAR","MOMPOS","EL CARMEN DE CICUCO",,"I.E. DE CANDELARIA-EL CARMEN D","9.07100276535","-74.49702501297","1","1","1","1","0","4"
"BOLIVAR","MOMPOS","EL ROSARIO",,"I.E. DE LA TRAVESIA SEDE EL ROSARIO","9.05505745063","-74.64098453522","1","1","1","1","0","4"
"BOLIVAR","MOMPOS","BOMBA",,"I.E. DE LA TRAVESIA SEDE BOMBA","9.03284937575","-74.61270332336","1","1","1","1","0","4"
"BOLIVAR","MOMPOS","GUAIMARAL",,"I.E. LAS BOQUILLAS -GUAIMARAL","9.11447001144","-74.59665298462","1","1","1","1","0","4"
"BOLIVAR","MOMPOS","GUATACA",,"I.E DE GUATACA","9.2093825","-74.3830594","1","1","1","1","0","4"
"BOLIVAR","MOMPOS","LA LOBATA",,"I.E. LAS BOQUILLAS- LA LOBATA","9.14955353388","-74.53468322754","1","1","1","1","0","4"
"BOLIVAR","MOMPOS","LA RINCONADA",,"I.E DE LA RINCONADA","9.2302155412","-74.49382781982","1","1","1","1","0","4"
"BOLIVAR","MOMPOS","LA JAGUA",,"I.E. RIO GDE DE LA MAGDALENA SEDE LA JAGUA","9.10336798512","-74.66626167297","1","1","1","1","0","4"
"BOLIVAR","MOMPOS","LA TRAVESIA",,"I.E. DE LA TRAVESIA","9.03310367443","-74.61287498474","1","1","1","1","0","4"
"BOLIVAR","MOMPOS","LAS BOQUILLAS",,"I.E. LAS BOQUILLAS","9.11565646713","-74.55871582031","1","1","1","1","0","4"
"BOLIVAR","MOMPOS","LOMA DE SIMON",,"I.E.DE TIERRA FIRME SEDE LOMA DE SIMON","9.22572538777","-74.46378707886","1","1","1","1","0","4"
"BOLIVAR","MOMPOS","LOS PIÑONES",,"I.E. NORMAL SUPERIOR SEDE LOS PIÑONES","9.09667270336","-74.45340156555","1","1","1","1","0","4"
"BOLIVAR","MOMPOS","PUEBLO NUEVO",,"I.E DE GUATACA SEDE PUEBLO NVO","9.1607651956","-74.3596233838","1","1","1","1","0","4"
"BOLIVAR","MOMPOS","SAN IGNACIO",,"I.E. RIO GRANDE DE LA MAGDALEN","9.112973836","-74.71465488","1","1","1","1","0","4"
"BOLIVAR","MOMPOS","SAN LUIS",,"I.E. DE CANDELARIA-SAN LUIS","9.06906393765","-74.49934244156","1","1","1","1","0","4"
"BOLIVAR","MOMPOS","SAN NICOLAS",,"I.E. LAS BOQUILLAS-SAN NICOLAS","9.141216565","-74.65026082","1","1","1","1","0","4"
"BOLIVAR","MOMPOS","SANTA CRUZ",,"I.E. RIO GRANDE DE LA MAGDALEN","9.0839408","-74.6891469","1","1","1","1","0","4"
"BOLIVAR","MOMPOS","SANTA ELENA",,"I.E. DE LA TRAVESIA SEDE SANTA ELENA","9.059707973","-74.60028591","1","1","1","1","0","4"
"BOLIVAR","MOMPOS","SANTA ROSA",,"I.E.RIO G.LA MAGDALEN.STA.ROSA","9.06539814737","-74.66102600098","1","1","1","1","0","4"
"BOLIVAR","MOMPOS","SANTA TERESITA",,"I.E. DE TIERRA FIRME","9.24614241655","-74.4694519043","1","1","1","1","0","4"
"BOLIVAR","MOMPOS","VILLANUEVA",,"I.E. DE LA TRAVESIA SEDE VILLANUEVA","9.057535994","-74.62683978","1","1","1","1","0","4"
"BOLIVAR","MORALES","PUESTO CABECERA MUNICIPAL",,"KR5 CL12 Y13 CENT COMUNIT DEL ICBF","8.29131475236","-73.86449080968","1","1","1","1","0","4"
"BOLIVAR","MORALES","BOCA DE LA HONDA",,"CENT EDUC LA PALMA SEDE TRIBUTARIA BOCA DE LA HOND","8.3763054","-73.8772293","1","1","1","1","0","4"
"BOLIVAR","MORALES","BODEGA CENTRAL",,"INST EDUC DE BODEGA CENTRAL","8.14593141178","-73.77905634128","1","1","1","1","0","4"
"BOLIVAR","MORALES","EL DIQUE",,"INST EDUC EL DIQUE","8.3003477","-73.7755659","1","1","1","1","0","4"
"BOLIVAR","MORALES","CORCOBADO",,"CENT EDUC CORCOBADO","8.244628","-74.0666","1","1","1","1","0","4"
"BOLIVAR","MORALES","LA PALMA",,"CENT EDUC LA PALMA","8.4686781","-73.8795775","1","1","1","1","0","4"
"BOLIVAR","MORALES","LA ESMERALDA",,"CENT EDUC LA PALMA SEDE TRIBUTARIA LA ESMERALDA","8.329676","-73.865558","1","1","1","1","0","4"
"BOLIVAR","MORALES","LAS PAILAS",,"INST EDUC EL DIQUE SEDE TRIBUTARIA LAS PAILAS","8.2522525","-73.7674796","1","1","1","1","0","4"
"BOLIVAR","MORALES","MICOAHUMADO",,"INST EDUC MICOAHUMADO","8.3561145","-74.0338399","1","1","1","1","0","4"
"BOLIVAR","MORALES","MINA GALLO",,"CENT EDUC CORCOBADO SEDE TRIBUTARIA MINA GALLO","8.286316","-73.983008","1","1","1","1","0","4"
"BOLIVAR","MORALES","PAREDES DE ORORIA",,"INST EDUC VICENTE HONDARZA SEDE TRIBUTARIA PAREDES","8.2753405","-73.8725533","1","1","1","1","0","4"
"BOLIVAR","NOROSI","PUESTO CABECERA MUNICIPAL",,"CALLE 1 No 7-04","8.524097","-74.036907","1","1","1","1","0","4"
"BOLIVAR","NOROSI","BUENA SEÑA",,"I.E.SEDE PRIMARIA","8.54588876348","-74.0969145298","1","1","1","1","0","4"
"BOLIVAR","NOROSI","IE NOROSI SEDE EL BEBEDERO",,"CALLE PRINCIPAL","8.54269","-73.9794","1","1","1","1","0","4"
"BOLIVAR","NOROSI","IE NOROSI SEDE LAS NIEVES",,"CALLE PRINCIPAL","8.418241","-74.224471","1","1","1","1","0","4"
"BOLIVAR","NOROSI","CASA DE BARRO",,"I.E.SEDE PRIMARIA","8.59371966014","-74.13340330124","1","1","1","1","0","4"
"BOLIVAR","NOROSI","OLIVARES",,"I.E.SEDE PRIMARIA","8.56893901168","-74.08421244029","1","1","1","1","0","4"
"BOLIVAR","NOROSI","SANTA ELENA",,"I.E.SEDE PRIMARIA","8.53009587501","-74.04647827148","1","1","1","1","0","4"
"BOLIVAR","NOROSI","MINA BRISA",,"I.E.SEDE PRIMARIA","8.545323","-74.080544","1","1","1","1","0","4"
"BOLIVAR","NOROSI","MINA ESTRELLA",,"I.E MINA ESTRELLA","8.60839076691","-74.08518791199","1","1","1","1","0","4"
"BOLIVAR","NOROSI","VILLA ARIZA",,"I.E VILLA ARIZA","8.5999289","-74.0143138","1","1","1","1","0","4"
"BOLIVAR","PINILLOS","PUESTO CABECERA MUNICIPAL",,"EL CARMEN CRA 8 CALLE 13","8.916792","-74.46143","1","1","1","1","0","4"
"BOLIVAR","PINILLOS","ARMENIA",,"I.E ARMENIA CALLE SEGUNDA(SECTOR CENTRO)","8.9008627","-74.4015404","1","1","1","1","0","4"
"BOLIVAR","PINILLOS","BUENOS AIRES",,"I.E. CTRO. LADO IGLESIA","8.920686","-74.4754387","1","1","1","1","0","4"
"BOLIVAR","PINILLOS","EL LIBANO",,"I.E. CTRO.","8.920686","-74.4754387","1","1","1","1","0","4"
"BOLIVAR","PINILLOS","LAS CONCHITAS",,"I.E. CTRO. AL LADO IGLESIA","8.8844488","-74.2853317","1","1","1","1","0","4"
"BOLIVAR","PINILLOS","LAS FLORES",,"I.E. CTRO BR. ABAJO","8.8837991","-74.4691691","1","1","1","1","0","4"
"BOLIVAR","PINILLOS","LA UNION (CABECERA)",,"I.E. CTRO. CL 3ERA","8.93839327533","-74.49131957456","1","1","1","1","0","4"
"BOLIVAR","PINILLOS","LA VICTORIA",,"I.E. CTRO. AL LADO DEL CAMPO","8.8946794","-74.4180169","1","1","1","1","0","4"
"BOLIVAR","PINILLOS","MANTEQUERA",,"I.E. BR. ARRIBA","8.8662191","-74.4730936","1","1","1","1","0","4"
"BOLIVAR","PINILLOS","NICARAGUA",,"I.E. CTRO. DE LA POBLACION","9.001763","-74.5233274","1","1","1","1","0","4"
"BOLIVAR","PINILLOS","PALENQUITO",,"BARRIO SAN MARTIN CALLE 3 CRA 4","8.9985224","-74.4619012","1","1","1","1","0","4"
"BOLIVAR","PINILLOS","INSTITUCION EDUCATIVA DE PALOMINO",,"CALLE CENTRO BARRIO ABAJO","8.9565816","-74.4515409","1","1","1","1","0","4"
"BOLIVAR","PINILLOS","PUERTO LOPEZ",,"I.E. CTRO. CL DEL PARQUE","8.7813138","-74.3690783","1","1","1","1","0","4"
"BOLIVAR","PINILLOS","PUERTO NUEVO",,"I.E. CTRO.","8.920686","-74.4754387","1","1","1","1","0","4"
"BOLIVAR","PINILLOS","PUERTO BELLO",,"I.E. CTRO. DETRAS DEL POLI","8.920686","-74.4754387","1","1","1","1","0","4"
"BOLIVAR","PINILLOS","SANTA COA",,"I.E. SEDE P/PAL BR. ABAJO","8.9586908","-74.5217579","1","1","1","1","0","4"
"BOLIVAR","PINILLOS","SAN FRANCISCO",,"I.E. CL UNICA","8.920686","-74.4754387","1","1","1","1","0","4"
"BOLIVAR","PINILLOS","SANTA ELENA (EL ESTOPAL)",,"I.E. CL UNICA","8.9428515","-74.5079598","1","1","1","1","0","4"
"BOLIVAR","PINILLOS","SANTA ROSA",,"I.E. BR. ABAJO CL 1","8.8903859","-74.3702474","1","1","1","1","0","4"
"BOLIVAR","PINILLOS","TAPOA",,"I.E. BR. ABAJO","8.920686","-74.4754387","1","1","1","1","0","4"
"BOLIVAR","PINILLOS","VIDA TRANQUILA",,"I.E. CTRO.","8.920686","-74.4754387","1","1","1","1","0","4"
"BOLIVAR","PINILLOS","LOS LIMONES",,"I.E. BR. ABAJO","8.920686","-74.4754387","1","1","1","1","0","4"
"BOLIVAR","PINILLOS","MONTECELIO",,"I.E. CTRO.","8.920686","-74.4754387","1","1","1","1","0","4"
"BOLIVAR","REGIDOR","PUESTO CABECERA MUNICIPAL",,"INST EDUC TECN AGROP HECTOR M VIDES BALLESTEROS","8.66701452815","-73.82148673965","1","1","1","1","0","4"
"BOLIVAR","REGIDOR","EL PIÑAL",,"ESCUELA RURAL","8.6612048","-73.9392523","1","1","1","1","0","4"
"BOLIVAR","REGIDOR","LOS CAIMANES",,"ESCUELA RURAL","8.703248","-73.888219","1","1","1","1","0","4"
"BOLIVAR","REGIDOR","SAN ANTONIO",,"COL BTO DE SAN ANTONIO","8.7431716","-73.8041965","1","1","1","1","0","4"
"BOLIVAR","REGIDOR","SAN CAYETANO",,"ESCUELA RURAL","8.6530785","-73.9172856","1","1","1","1","0","4"
"BOLIVAR","REGIDOR","SANTA TERESA",,"COL BTO DE SANTA TERESA","8.785716","-73.795847","1","1","1","1","0","4"
"BOLIVAR","RIOVIEJO","PUESTO CABECERA MUNICIPAL",,"I.E. RIOVIEJO SEDE SECUNDARIA","8.59048051456","-73.83998547656","1","1","1","1","0","4"
"BOLIVAR","RIOVIEJO","CAMPO ALEGRE",,"I.E. RIO VIEJO-CAMPO ALEGRE","8.46980570421","-73.8049102161","1","1","1","1","0","4"
"BOLIVAR","RIOVIEJO","COBADILLO",,"I.E. RIO VIEJO SEDE COBADILLO","8.5667834","-73.9206157","1","1","1","1","0","4"
"BOLIVAR","RIOVIEJO","CAIMITAL",,"I.E. RIO VIEJO SEDE CAIMITAL","8.61853843921","-73.88807969769","1","1","1","1","0","4"
"BOLIVAR","RIOVIEJO","HATILLO",,"I.E. RIO VIEJO SEDE HATILLO","8.55574833492","-73.9372917333","1","1","1","1","0","4"
"BOLIVAR","RIOVIEJO","BLANCAS PALOMAS",,"I.E.R. SEDE BLANCAS PALOMAS","8.510733","-73.887641","1","1","1","1","0","4"
"BOLIVAR","RIOVIEJO","MACEDONIA",,"I.E. RIO VIEJO SEDE MACEDONIA","8.64528206564","-73.91929776472","1","1","1","1","0","4"
"BOLIVAR","SAN ESTANISLAO","PUESTO CABECERA MUNICIPAL",,"CRA 14 No. 35-130 BARRIO BARRANQUILLITA","10.40442","-75.14654","1","1","1","1","0","4"
"BOLIVAR","SAN ESTANISLAO","LAS PIEDRAS",,"CRA 26 No 10B-15 MEGACOLEGIO","10.31324888894","-75.19964229862","1","1","1","1","0","4"
"BOLIVAR","SAN CRISTOBAL","PUESTO CABECERA MUNICIPAL",,"CRA 3 /CALLE 23 SEDE 2 INST. EDUCATIVA","10.39398284","-75.06526012","1","1","1","1","0","4"
"BOLIVAR","SAN CRISTOBAL","HIGUERETAL",,"CALLE 8 No 3-39","10.36577804","-75.09225324","1","1","1","1","0","4"
"BOLIVAR","SAN FERNANDO","PUESTO CABECERA MUNICIPAL",,"IE AGROPECUARIA S.FERNANDO CL REAL B.NORTE","9.21650691538","-74.3248218298","1","1","1","1","0","4"
"BOLIVAR","SAN FERNANDO","GUASIMAL",,"I.E. GUASIMAL","9.14541707838","-74.33617166248","1","1","1","1","0","4"
"BOLIVAR","SAN FERNANDO","EL PALMAR",,"I.E. EL PALMAR","9.14977201804","-74.38298734057","1","1","1","1","0","4"
"BOLIVAR","SAN FERNANDO","EL GATO",,"I.E. EL GATO","9.190720073","-74.34563739","1","1","1","1","0","4"
"BOLIVAR","SAN FERNANDO","CENTRO DE VIDA",,"CALLE PRINCIPAL","9.224355065","-74.34887093409","1","1","1","1","0","4"
"BOLIVAR","SAN FERNANDO","JOLON",,"I.E. JOLON","9.151925723","-74.35981017","1","1","1","1","0","4"
"BOLIVAR","SAN FERNANDO","PORVENIR",,"I.E. PORVENIR","9.131154582","-74.32139467","1","1","1","1","0","4"
"BOLIVAR","SAN FERNANDO","PUNTA DE HORNOS",,"I.E. PUNTA DE HORNOS","9.189883375","-74.29484708","1","1","1","1","0","4"
"BOLIVAR","SAN FERNANDO","SANTA ROSA",,"CLL 1 KM 22 CANCHA SINTETICA LA BOMBONERA","9.09573643","-74.31573946","1","1","1","1","0","4"
"BOLIVAR","SAN FERNANDO","EL CONTADERO",,"I.E. CONTADERO","9.133989603","-74.34164626","1","1","1","1","0","4"
"BOLIVAR","SAN FERNANDO","LA GUADUA",,"I.E. LA GUADUA","9.124733144","-74.3385027","1","1","1","1","0","4"
"BOLIVAR","SAN FERNANDO","LAS CUEVAS",,"I.E. LAS CUEVAS","9.157917917","-74.29872019","1","1","1","1","0","4"
"BOLIVAR","SAN FERNANDO","PAMPANILLO",,"I.E. PAMPANILLO","9.106055316","-74.33666808","1","1","1","1","0","4"
"BOLIVAR","SAN JACINTO","I.E. PIO XII",,"CL 13 No. 36A BARRIO LA GLORIA","9.82371444859","-75.12560606003","1","1","1","1","0","4"
"BOLIVAR","SAN JACINTO","I.E. LEON XIII - SEDE SANTA LUCIA",,"CRA. 33 No. 20 - 40 BARRIO SANTA LUCIA","9.834","-75.121","1","1","1","1","0","4"
"BOLIVAR","SAN JACINTO","I.E. PIO XII - SD CONCENTRAC MIXT No.2",,"CL 23 No. 39 -02 ESQ BARRIO CENTRO","9.829","-75.123","1","1","1","1","0","4"
"BOLIVAR","SAN JACINTO","I.E. LEON XIII - SEDE LA ANUCIACION",,"TRANS. 46 CL 22 BARRIO EL PORVENIR","9.83","-75.118","1","1","1","1","0","4"
"BOLIVAR","SAN JACINTO","ARENAS",,"I.E  Sagrado corazón de Jesús","9.8056451","-75.208961","1","1","1","1","0","4"
"BOLIVAR","SAN JACINTO","BAJO GRANDE",,"I.E Bajo Grande","9.8376572","-74.9564972","1","1","1","1","0","4"
"BOLIVAR","SAN JACINTO","EL PARAISO",,"I.E El paraiso","9.8666809","-75.2344494","1","1","1","1","0","4"
"BOLIVAR","SAN JACINTO","LAS CHARQUITAS",,"I. Educativa las Charquitas","9.7996404","-75.2350914","1","1","1","1","0","4"
"BOLIVAR","SAN JACINTO","LAS PALMAS",,"I.E León XIII sede las Palmas","9.8556675","-75.0235473","1","1","1","1","0","4"
"BOLIVAR","SAN JACINTO","LAS MERCEDES",,"I. Educativa Las Mercedes","9.8298065","-75.1316327","1","1","1","1","0","4"
"BOLIVAR","SAN JACINTO","SAN CRISTOBAL",,"I. E sede Antonia Santo","9.8829596","-75.2554962","1","1","1","1","0","4"
"BOLIVAR","SAN JACINTO DEL CAUCA","PUESTO CABECERA MUNICIPAL",,"I.E. PLACIDO RETAMOZA BR. C","8.2504169","-74.7233344","1","1","1","1","0","4"
"BOLIVAR","SAN JACINTO DEL CAUCA","ASTILLEROS",,"I.E. DE ASTILLEOS","8.2906129","-74.6076256","1","1","1","1","0","4"
"BOLIVAR","SAN JACINTO DEL CAUCA","BERMUDEZ",,"ESC. TRIBUTARIA BERMUDEZ","8.147621","-74.7821025","1","1","1","1","0","4"
"BOLIVAR","SAN JACINTO DEL CAUCA","CAIMETAL",,"ESC. TRIBUTARIA CAIMETAL","8.2508194","-74.7242047","1","1","1","1","0","4"
"BOLIVAR","SAN JACINTO DEL CAUCA","GALINDO",,"I.E. DE GALINDO -PLAZA","8.2838086","-74.5887244","1","1","1","1","0","4"
"BOLIVAR","SAN JACINTO DEL CAUCA","LA RAYA",,"ESC. TRIBUTARIA DE LA RAYA","8.3391109","-74.5576594","1","1","1","1","0","4"
"BOLIVAR","SAN JACINTO DEL CAUCA","TENCHE",,"I.E. DE TENCHE-PLAZA","8.2668223","-74.6724304","1","1","1","1","0","4"
"BOLIVAR","SAN JACINTO DEL CAUCA","MEJICO",,"ESC. TRIBUTARIA DE MEJICO","8.1975166","-74.7586998","1","1","1","1","0","4"
"BOLIVAR","SAN JUAN NEPOMUCENO","IE NORMAL SUP MONTES DE MARIA SD EL PROG",,"BR. LOS NOGALES","9.95812615664","-75.08126377307","1","1","1","1","0","4"
"BOLIVAR","SAN JUAN NEPOMUCENO","INS.ED.DIOGENES ARRIETA ARRIB",,"BARRIO ARRIBA SEC LA VARIAN","9.95633196592","-75.08454022185","1","1","1","1","0","4"
"BOLIVAR","SAN JUAN NEPOMUCENO","INS.ED.NOR.SUP.M.DE MARIA PRI",,"BARRIO CENTRO","9.95158222193","-75.0810086741","1","1","1","1","0","4"
"BOLIVAR","SAN JUAN NEPOMUCENO","INS.ED.LA FLORESTA SAN JOSE",,"BARRIO SAN JOSE","9.94761097827","-75.08705753041","1","1","1","1","0","4"
"BOLIVAR","SAN JUAN NEPOMUCENO","IE TECNICA AGROPECUARIA RODOLFO BARRIOS",,"BARRIO CIUDADELA CARRERA 16 CALLE 7","9.9518584868","-75.07767456496","1","1","1","1","0","4"
"BOLIVAR","SAN JUAN NEPOMUCENO","IE TECNICA EN SISTEMAS LA FLORESTA SD P",,"BARRIO LA FLORESTA CARRERA 2D CALLE 10","9.94374417073","-75.08871350025","1","1","1","1","0","4"
"BOLIVAR","SAN JUAN NEPOMUCENO","CORRALITO",,"I.E. CORRALITO","9.92714453032","-74.97642958225","1","1","1","1","0","4"
"BOLIVAR","SAN JUAN NEPOMUCENO","SAN PEDRO CONSOLADO",,"IGLESIA SAN PEDRO CONSOLADO","10.00853157","-75.04386759","1","1","1","1","0","4"
"BOLIVAR","SAN JUAN NEPOMUCENO","LA HAYA",,"I.E. LA HAYA","9.95744896313","-75.1885677279","1","1","1","1","0","4"
"BOLIVAR","SAN JUAN NEPOMUCENO","SAN JOSE DEL PEÑON",,"I.E. SAN JOSE DEL PEÑON","9.92599810683","-75.01225434495","1","1","1","1","0","4"
"BOLIVAR","SAN JUAN NEPOMUCENO","SAN AGUSTIN",,"I.E. SAN AGUSTIN","9.94288679339","-74.87092459692","1","1","1","1","0","4"
"BOLIVAR","SAN JUAN NEPOMUCENO","SAN CAYETANO",,"I.E. SAN CAYETANO","10.08317254","-75.14226055","1","1","1","1","0","4"
"BOLIVAR","SAN JUAN NEPOMUCENO","SAN CAYETANO  - ARROYO HONDO",,"IE SAN CAYETANO SEDE ARROYO HONDO","10.03115961021","-75.18196984166","1","1","1","1","0","4"
"BOLIVAR","SAN MARTIN DE LOBA","PUESTO CABECERA MUNICIPAL",,"COLEGIO INETAM SEDE TRIBUTARIA No.2","8.9410029","-74.036803","1","1","1","1","0","4"
"BOLIVAR","SAN MARTIN DE LOBA","CHIMI",,"ESCUELA RURAL MIXTA","8.9382311","-74.0234993","1","1","1","1","0","4"
"BOLIVAR","SAN MARTIN DE LOBA","EL VARAL",,"ESCUELA RURAL MIXTA","8.85666666667","-73.95638888889","1","1","1","1","0","4"
"BOLIVAR","SAN MARTIN DE LOBA","JOBO",,"CALLE PRINCIPAL","8.74860214797","-73.93212114853","1","1","1","1","0","4"
"BOLIVAR","SAN MARTIN DE LOBA","PAPAYAL",,"ESCUELA RURAL MIXTA","8.70722222222","-73.94916666667","1","1","1","1","0","4"
"BOLIVAR","SAN MARTIN DE LOBA","PLAYITAS",,"ESCUELA RURAL MIXTA ZONA 2 PREESCOLAR","8.82388888889","-73.9675","1","1","1","1","0","4"
"BOLIVAR","SAN MARTIN DE LOBA","PUEBLO NVO CERRO DE JULIO",,"ESCUELA RURAL MIXTA","8.86222222222","-73.99222222222","1","1","1","1","0","4"
"BOLIVAR","SIMITI","EL GARZAL",,"IE CERRO DE VERACRUZ SEDE EL GARZAL","7.927314636","-73.94485473633","1","1","1","1","0","4"
"BOLIVAR","SAN PABLO","PUESTO CABECERA MUNICIPAL",,"INST. EDUC. LA INTEGRADA CLL 12 CRA 7 Y 8","7.4848550655","-73.92111286952","1","1","1","1","0","4"
"BOLIVAR","SAN PABLO","CANALETAL",,"SEDE EDUCATIVA CANALETAL","7.47167693334","-73.9224725229","1","1","1","1","0","4"
"BOLIVAR","SAN PABLO","VALLECITO",,"SEDE EDUCATIVA VALLECITO","7.5965518474","-74.13292450046","1","1","1","1","0","4"
"BOLIVAR","SAN PABLO","AGUASUCIA",,"SEDE EDUCATIVA AGUA SUCIA","7.5618661","-74.07213619","1","1","1","1","0","4"
"BOLIVAR","SAN PABLO","EL CARMEN",,"SEDE EDUCATIVA EL CARMEN","7.6791592","-73.8620132","1","1","1","1","0","4"
"BOLIVAR","SAN PABLO","CAÑABRAVAL",,"SEDE EDUCATIVA CAÑABRAVAL","7.60918472897","-74.02540470429","1","1","1","1","0","4"
"BOLIVAR","SAN PABLO","EL SOCORRO",,"SEDE EDUCATIVA EL SOCORRO","7.569859","-73.91208","1","1","1","1","0","4"
"BOLIVAR","SAN PABLO","LA VIRGENCITA",,"SEDE EDUCATIVA LA VIRGENCITA","7.74121289","-73.95468431","1","1","1","1","0","4"
"BOLIVAR","SAN PABLO","POZO AZUL",,"SEDE EDUCATIVA POZO AZUL","7.6778053","-74.023578","1","1","1","1","0","4"
"BOLIVAR","SAN PABLO","CERRO AZUL",,"SEDE EDUCATIVA CERRO AZUL","7.59557345624","-74.12474912738","1","1","1","1","0","4"
"BOLIVAR","SAN PABLO","SANTO DOMINGO",,"SEDE EDUCATIVA SANTO DOMINGO","7.669624","-73.937371","1","1","1","1","0","4"
"BOLIVAR","SAN PABLO","VILLANUEVA",,"SEDE EDUCATIVA VILLANVA.","7.47853293148","-73.92422568906","1","1","1","1","0","4"
"BOLIVAR","SANTA CATALINA","PUESTO CABECERA MUNICIPAL",,"av. gaitan barrio abajo","10.60589359526","-75.28810027073","1","1","1","1","0","4"
"BOLIVAR","SANTA CATALINA","PUEBLO NUEVO",,"CLl PPAL I.E. DE LOMA DE ARENA SD PUEBLO NUEVO","10.74331706324","-75.26236686421","1","1","1","1","0","4"
"BOLIVAR","SANTA CATALINA","COLORADO",,"AV. PRINCIPAL VÍA COLORADO","10.66654784933","-75.26577811846","1","1","1","1","0","4"
"BOLIVAR","SANTA CATALINA","GALERAZAMBA",,"DIAGONAL A LA IGLESIA","10.7888800097","-75.26207387893","1","1","1","1","0","4"
"BOLIVAR","SANTA CATALINA","JOBO",,"ENTRADA AL JOBO","10.65029665","-75.28121947","1","1","1","1","0","4"
"BOLIVAR","SANTA CATALINA","LOMA DE ARENA",,"VIA EL MAR SECTOR EL COLEGIO","10.73429484","-75.26360032","1","1","1","1","0","4"
"BOLIVAR","SANTA ROSA","PUESTO CABECERA MUNICIPAL",,"CARRET PRINCIPAL - BARRIO LA CEREZA","10.4443599","-75.3690142","1","1","1","1","0","4"
"BOLIVAR","SANTA ROSA DEL SUR","PUESTO CABECERA MUNICIPAL",,"CLL11 N°19-10 BARRIO LA CABAÑA","7.96494230898","-74.04717476473","1","1","1","1","0","4"
"BOLIVAR","SANTA ROSA DEL SUR","BUENAVISTA",,"IE BUENAVISTA","7.796061","-74.186139","1","1","1","1","0","4"
"BOLIVAR","SANTA ROSA DEL SUR","SAN FRANCISCO",,"IE SAN FRANCISCO","8.0379594","-74.07944444444","1","1","1","1","0","4"
"BOLIVAR","SANTA ROSA DEL SUR","FATIMA",,"SEDE EDUCATIVA FÁTIMA","7.984772","-74.170234","1","1","1","1","0","4"
"BOLIVAR","SANTA ROSA DEL SUR","LA MARIZOSA",,"LA MARIZOSA","7.601529","-74.446344","1","1","1","1","0","4"
"BOLIVAR","SANTA ROSA DEL SUR","LOS ARRAYANES",,"SEDE EDUCATIVA LOS ARRAYANES","8.152748","-74.139422","1","1","1","1","0","4"
"BOLIVAR","SANTA ROSA DEL SUR","LOS CANELOS",,"INST TEC AGROP LOS CANELOS","7.881043","-74.238738","1","1","1","1","0","4"
"BOLIVAR","SANTA ROSA DEL SUR","SAN ISIDRO",,"SEDE EDUCATIVA SAN ISIDRO","8.114021","-74.077013","1","1","1","1","0","4"
"BOLIVAR","SANTA ROSA DEL SUR","SAN JUAN DE RIOGRANDE",,"SEDE EDUC. SAN JUAN DE RIO GRANDE","7.715108","-74.307272","1","1","1","1","0","4"
"BOLIVAR","SANTA ROSA DEL SUR","SAN JOSE",,"SEDE EDUCATIVA SAN JOSÉ","8.012842","-74.134283","1","1","1","1","0","4"
"BOLIVAR","SANTA ROSA DEL SUR","SAN PEDRO FRIO",,"SEDE EDUCATIVA SAN PEDRO FRIO","8.157105","-74.282165","1","1","1","1","0","4"
"BOLIVAR","SANTA ROSA DEL SUR","SAN LUCAS",,"IE SAN LUCAS","8.061122","-74.152277","1","1","1","1","0","4"
"BOLIVAR","SANTA ROSA DEL SUR","SANTA ISABEL",,"SEDE EDUCATIVA SANTA ISABEL","8.119633","-74.162654","1","1","1","1","0","4"
"BOLIVAR","SANTA ROSA DEL SUR","VILLA FLOR",,"IE VILLAFLOR","7.9415583333","-74.2287222222","1","1","1","1","0","4"
"BOLIVAR","SANTA ROSA DEL SUR","VEREDA SAN LUQUITAS",,"IE SEDE SAN LUQUITAS","8.160275","-74.261242","1","1","1","1","0","4"
"BOLIVAR","SANTA ROSA DEL SUR","VEREDA SAN BENITO",,"IE SAN BENITO","7.943889","-74.08416683333","1","1","1","1","0","4"
"BOLIVAR","SANTA ROSA DEL SUR","MINA PEPO",,"IEA TEC AGRO LOS CANELOS VEREDA MINA PEPO","7.756665","-74.352779","1","1","1","1","0","4"
"BOLIVAR","SANTA ROSA DEL SUR","MINA FORTUNA",,"IEA TEC AGRO LOS CANELOS  SEDE LA FORTUNA","7.811991","-74.348019","1","1","1","1","0","4"
"BOLIVAR","SANTA ROSA DEL SUR","LOS GUAYACANES",,"IE TEC EMP BUENA VISTA SEDE LOS GUAYACANES","7.66611111111","-74.275","1","1","1","1","0","4"
"BOLIVAR","SIMITI","PUESTO CABECERA MUNICIPAL",,"CL HOSPITAL 7 68 IE EUTIMIO GUTIERREZ M","7.9559834189","-73.94617840648","1","1","1","1","0","4"
"BOLIVAR","SIMITI","ANIMAS ALTAS",,"IE 27 DE OCTUBRE DE ANIMAS ALTAS","7.94953364856","-73.94694685936","1","1","1","1","0","4"
"BOLIVAR","SIMITI","SINAI",,"IE 27 DE OCTUBRE SEDE ANIMAS BAJAS","7.92187392961","-73.94760131836","1","1","1","1","0","4"
"BOLIVAR","SIMITI","CAMPO PALLARES",,"IE CERRO DE VERACRUZ SEDE CAMPO PALLARES","7.91915354945","-73.94897460938","1","1","1","1","0","4"
"BOLIVAR","SIMITI","EL DIAMANTE",,"IE MONTERREY SEDE EL DIAMANTE","7.91779335263","-73.9421081543","1","1","1","1","0","4"
"BOLIVAR","SIMITI","EL PARAISO",,"IE MONTERREY SEDE EL PARAISO","7.92051374177","-73.93936157227","1","1","1","1","0","4"
"BOLIVAR","SIMITI","LAS BRISAS",,"CASA COMUNAL PARQUE P/PAL","7.92323411295","-73.94897460938","1","1","1","1","0","4"
"BOLIVAR","SIMITI","ORORIA",,"I. E. VICENTE HONDARZA SEDE TRIBUTARIA","7.92187392961","-73.94760131836","1","1","1","1","0","4"
"BOLIVAR","SIMITI","MONTERREY",,"IE DE MONTERREY","7.93003496223","-73.93936157227","1","1","1","1","0","4"
"BOLIVAR","SIMITI","SAN BLAS",,"IE SAN BLAS","7.92323411295","-73.94348144531","1","1","1","1","0","4"
"BOLIVAR","SIMITI","SAN JOAQUIN",,"C.E. SAN JOAQUIN","7.9560769","-73.9487824","1","1","1","1","0","4"
"BOLIVAR","SIMITI","SAN LUIS",,"IE 27 DE OCTUBRE SEDE SAN LUIS","7.8212712","-73.9315924","1","1","1","1","0","4"
"BOLIVAR","SIMITI","SANTA LUCIA",,"IE SAN BLAS SEDE SANTA LUCIA","7.9563795","-73.9488041","1","1","1","1","0","4"
"BOLIVAR","SIMITI","VERACRUZ (CERRO DE BURGOS)",,"I.E. DEL CERRO DE VERACRUZ","7.92323411295","-73.95446777344","1","1","1","1","0","4"
"BOLIVAR","SIMITI","SABANA",,"IE 27 DE OCTUBRE SEDE LA SABANA","7.8124825","-73.9375735","1","1","1","1","0","4"
"BOLIVAR","SOPLAVIENTO","PUESTO CABECERA MUNICIPAL",,"CALLE 14 CRA 24 No 11-123","10.39472019851","-75.13146125159","1","1","1","1","0","4"
"BOLIVAR","TALAIGUA NUEVO","PUESTO CABECERA MUNICIPAL",,"SEDE ESC. URBANA MIXTA #1","9.3040437","-74.5690572","1","1","1","1","0","4"
"BOLIVAR","TALAIGUA NUEVO","CAÑO HONDO",,"I.E.TEC. de Caño Hondo","9.266209","-74.6037796","1","1","1","1","0","4"
"BOLIVAR","TALAIGUA NUEVO","EL PORVENIR",,"I.E.TEC. de El Porvenir","9.3854541","-74.664027","1","1","1","1","0","4"
"BOLIVAR","TALAIGUA NUEVO","EL VESUBIO",,"I.E.TEC. AGR. de El Vesubio","9.2643466","-74.5434657","1","1","1","1","0","4"
"BOLIVAR","TALAIGUA NUEVO","LAS MARIAS",,"I.E.TEC. de Las Marías","9.3049334","-74.572927","1","1","1","1","0","4"
"BOLIVAR","TALAIGUA NUEVO","LOS MANGOS",,"I.E.TEC. AGR. de Los Mangos","9.3049334","-74.572927","1","1","1","1","0","4"
"BOLIVAR","TALAIGUA NUEVO","PATICO",,"I.E.TEC. TOMAS DANIELS DE PATI","9.3664761","-74.6352857","1","1","1","1","0","4"
"BOLIVAR","TALAIGUA NUEVO","PEÑON DE DURAN",,"I.E.TEC. de El Peñón de Durán","9.3497899","-74.617892","1","1","1","1","0","4"
"BOLIVAR","TALAIGUA NUEVO","SAN MARTIN (LA LADERA DE TALA",,"I.E.TEC.AGR. de la LADERA DE S","9.3049334","-74.572927","1","1","1","1","0","4"
"BOLIVAR","TALAIGUA NUEVO","TUPE",,"I.E.TEC. de Tupe","9.3049334","-74.572927","1","1","1","1","0","4"
"BOLIVAR","TALAIGUA NUEVO","TALAIGUA VIEJO",,"I.E.TEC.AGR. de Talaigua Viejo","9.3111168","-74.5800346","1","1","1","1","0","4"
"BOLIVAR","TIQUISIO (PTO. RICO)","PUESTO CABECERA MUNICIPAL",,"CDI SUEÑOS RONDAS Y SONRISAS BARRIO 20 DE JULIO","8.557045","-74.262492","1","1","1","1","0","4"
"BOLIVAR","TIQUISIO (PTO. RICO)","AGUAS NEGRAS",,"INST.EDUC. TIQUISIO NUEVO-AGUAS NEGRAS","8.50913","-74.337681","1","1","1","1","0","4"
"BOLIVAR","TIQUISIO (PTO. RICO)","BOCAS DE SOLIS",,"INST.EDUC. COLORADO- BOCAS DE SOLIS","8.559124","-74.2719555","1","1","1","1","0","4"
"BOLIVAR","TIQUISIO (PTO. RICO)","BOLOMBOLO",,"INST.EDUC DE BOLOMBOLO","8.534645","-74.309803","1","1","1","1","0","4"
"BOLIVAR","TIQUISIO (PTO. RICO)","COLORADO",,"CENT COMUNIT Y/O RESTAURANTE","8.5996631","-74.2861252","1","1","1","1","0","4"
"BOLIVAR","TIQUISIO (PTO. RICO)","DOS BOCAS",,"ESC.NUEVA DE DOS BOCAS","8.61825586785","-74.18610340044","1","1","1","1","0","4"
"BOLIVAR","TIQUISIO (PTO. RICO)","EL SUDAN",,"RESTAURANTE ESCOLAR SEC FELIZ VIAJE","8.6499321","-74.2197105","1","1","1","1","0","4"
"BOLIVAR","TIQUISIO (PTO. RICO)","LA VENTURA",,"CENT. EDUC LA VENTURA","8.4030614","-74.3619484","1","1","1","1","0","4"
"BOLIVAR","TIQUISIO (PTO. RICO)","MINA SECA",,"INST.EDUC TIQUISIO NUEVO MINA SECA","8.4201165","-74.3977189","1","1","1","1","0","4"
"BOLIVAR","TIQUISIO (PTO. RICO)","PALMA ESTERAL",,"INST.EDUC. TIQUISIO NUEVO PALMA ESTERAL","8.48007615541","-74.33338886187","1","1","1","1","0","4"
"BOLIVAR","TIQUISIO (PTO. RICO)","PUERTO COCA",,"INST.EDUC.TIQUISIO NUEVO PUERTO COCA","8.4915434","-74.323706","1","1","1","1","0","4"
"BOLIVAR","TIQUISIO (PTO. RICO)","QUEBRADA DEL MEDIO",,"CENT.EDUC. LA VENTURA QUEBRADA DEL MEDIO","8.62399458641","-74.19005161211","1","1","1","1","0","4"
"BOLIVAR","TIQUISIO (PTO. RICO)","SABANAS DEL FIRME",,"INST.EDUC. DE PUERTO RICO SABANAS DEL FIRME","8.569833","-74.263677","1","1","1","1","0","4"
"BOLIVAR","TIQUISIO (PTO. RICO)","TIQUISIO NUEVO",,"INST.EDUC.TIQUISIO NUEVO SEDE PRIMARIA","8.5173122","-74.3367987","1","1","1","1","0","4"
"BOLIVAR","TURBACO","INST EDC CRISANTO LUQUE","01COMUNA 1","CTERA TRONC DE OCC.KM 15 LA BOM.28-156","10.337","-75.413","1","1","1","1","1","5"
"BOLIVAR","TURBACO","SENA REGIONAL BOLIVAR","01COMUNA 1","KM 1 VIA A TURBACO","10.3310772","-75.4323676","1","1","1","1","1","5"
"BOLIVAR","TURBACO","INST EDUC ALFONSO LOPEZ PUMARE","06COMUNA 6","PARAISO SECTOR ARROYO LEJOS CRA 10 NO. 26 74","10.332","-75.406","1","1","1","1","1","5"
"BOLIVAR","TURBACO","INST EDUC LA BUENA ESPERANZA","05COMUNA 5","BARR PARA LA CONQ, Cll 27 A kr 4E -185","10.3340139","-75.4015853","1","1","1","1","1","5"
"BOLIVAR","TURBACO","I.E. QUERIDOS AMIGOS","01COMUNA 1","MZ. 14 LOTE 1","10.3310772","-75.4323676","1","1","1","1","1","5"
"BOLIVAR","TURBACO","INST EDUC CUARTA POZA DE MANGA","04COMUNA 4","BR. EL ROSARIO CALLE POZA DE MANGA CRA 27 112","10.328","-75.412","1","1","1","1","1","5"
"BOLIVAR","TURBACO","INST EDUC 4 P. DE MANGA - HILD","02COMUNA 2","BR. SAN PEDRO SECTOR MEDIA TAPA MZ 2 LT 9 ETAPA 1","10.327638","-75.4158134","1","1","1","1","1","5"
"BOLIVAR","TURBACO","INST EDUC FELIPE SANTIAGO ESCO","03COMUNA 3","BR. PUMAREJO CL ESPICHE AV. PRINCIPAL","10.32105574","-75.41013718","1","1","1","1","1","5"
"BOLIVAR","TURBACO","INST EDUC F SANTIAGO - MARIA A","03COMUNA 3","BARRIO JUAN 23 CALLE LA ESTRELLA","10.32121026602","-75.41001677513","1","1","1","1","1","5"
"BOLIVAR","TURBACO","INST EDUC CRISANTO LUQUE SEDE","03COMUNA 3","CIUDADELA BONANZA MZ 1 LT 1","10.3392347","-75.4229691","1","1","1","1","1","5"
"BOLIVAR","TURBACO","IE 4TA POZA DE MANGA SD N SRA DE SOCORRO","02COMUNA 2","CLL 17 No 20 83 BARRIO LA CRUZ","10.328","-75.412","1","1","1","1","1","5"
"BOLIVAR","TURBACO","IE ESCUELA MIXTA PRIMERA DE VARONES No 1",,"cll del coco No 14 27","10.327835381","-75.40745899322","1","1","1","1","0","4"
"BOLIVAR","TURBACO","INST.EDUCATIVA DOCENTE TURBAC",,"AV. MEXICO PLAZA PRINCIPAL NO. 11 14","10.3296154","-75.4084498","1","1","1","1","0","4"
"BOLIVAR","TURBACO","CARCEL DE TURBACO",,"URBANIZACION BOSQUE DE LA CEIBA","10.384641","-75.4548505","1","1","1","1","0","4"
"BOLIVAR","TURBACO","CAÑAVERAL","07 CORREGIMIENTO CAÑAVERAL","COR.CAÑAVERAL PLAZA PpAL Cl LA CONCEP","10.3842813","-75.3342382","1","1","1","1","1","5"
"BOLIVAR","TURBACO","I E AGUAS PRIETAS","01COMUNA 1","vereda aguas prietas via turbaco","10.38646558367","-75.42006710186","1","1","1","1","1","5"
"BOLIVAR","TURBACO","CHIQUITO","08 CORREG SAN JOSE DE CHIQUITO","PLAZA PRINCIPAL CGTO S. JOSE DE CHIQUITO","10.355249","-75.3082001","1","1","1","1","0","4"
"BOLIVAR","TURBANA","PUESTO CABECERA MUNICIPAL",,"IE MARCO FIDEL CL DE LAS FLORES IE OLGA G CL TAMAR","10.2728808","-75.4438053","1","1","1","1","0","4"
"BOLIVAR","TURBANA","BALLESTAS",,"IE DE BALLESTAS PLAZA PPAL","10.2166976","-75.4403021","1","1","1","1","0","4"
"BOLIVAR","TURBANA","COVADO - PUEBLO NUEVO",,"IE DE BALLESTAS SEDE LOMA DE MATUNILLA PLAZA PPAL","10.274764","-75.4503482","1","1","1","1","0","4"
"BOLIVAR","VILLANUEVA","PUESTO CABECERA MUNICIPAL",,"CALLE 14 No 16-79 SECTOR LA CANDELARIA","10.44045640171","-75.27594387531","1","1","1","1","0","4"
"BOLIVAR","VILLANUEVA","CIPACOA",,"I.E CIPACOA SD PRIMARIA KM9 CLL CAMPO ALEGRE","10.39900833306","-75.29112270309","1","1","1","1","0","4"
"BOLIVAR","VILLANUEVA","ALGARROBO",,"PLAZA PRINCIPAL KM 12","10.5165325","-75.2706608","1","1","1","1","0","4"
"BOLIVAR","ZAMBRANO","PUESTO CABECERA MUNICIPAL",,"CLL 12 N° 12-78 BARRIO EL AMPARO","9.744937","-74.8192743","1","1","1","1","0","4"
"BOLIVAR","ZAMBRANO","JESUS DEL RIO",,"INS.EDUC. ERASMO DONADO LLANOS CLL 12 N° 12-78","9.8331229","-74.8672108","1","1","1","1","0","4"
"BOLIVAR","ZAMBRANO","VEREDA CAPACA",,"I.E SAGRADO CORAZÓN DE JESUS SEDE NUEVA ESPERANZA","9.731109004","-74.9406960021","1","1","1","1","0","4"
